Unity Editor version:    6000.6.1f1 (7efac9f6c10e)
Branch:                  6000.6/staging
Build type:              Release
Batch mode:              NO
macOS version:           Version 26.6 (Build 25G72)
Darwin version:          25.6.0
Architecture:            arm64
Running under Rosetta:   NO
Available memory:        16384 MB
Date:                    2026-09-23T16:10:11Z
VBCSCompilerPreWarmer: pre-warm launched (dotnet PID 2797)
VBCSCompiler prewarm took 1.24 ms
[Licensing::Module] Trying to connect to existing licensing client channel...
[Licensing::IpcConnector] Successfully connected to: "LicenseClient-base" at "2026-09-23T16:10:11.925955Z"

COMMAND LINE ARGUMENTS:
/Applications/Unity/Hub/Editor/6000.6.1f1/Unity.app/Contents/MacOS/Unity
-projectpath
/Users/base/monopoly-c-
-acceptSoftwareTermsForThisRunOnly
-useHub
-hubIPC
-cloudEnvironment
production
-licensingIpc
LicenseClient-base
-hubSessionId
7b994ca0-7bc3-41ac-a59f-a8148ebe13ae
-accessToken
zlbYANaAd_zaXqxOg2oawzG4OunnV9rA09FN9OG1Dg8009f
Successfully changed project path to: /Users/base/monopoly-c-
/Users/base/monopoly-c-
[UnityMemory] Configuration Parameters - Can be set up in boot.config
    "memorysetup-temp-allocator-size-gi-baking-worker=262144"
    "memorysetup-temp-allocator-size-gi-baking-worker=262144"
    "memorysetup-temp-allocator-size-gi-baking-worker=262144"
    "memorysetup-temp-allocator-size-gi-baking-worker=262144"
    "memorysetup-temp-allocator-size-gi-baking-worker=262144"
    "memorysetup-temp-allocator-size-nav-mesh-worker=65536"
    "memorysetup-temp-allocator-size-audio-worker=65536"
    "memorysetup-temp-allocator-size-cloud-worker=32768"
    "memorysetup-temp-allocator-size-preload-manager=33554432"
    "memorysetup-remapper-allocator-initial-capacity=32768"
    "memorysetup-temp-allocator-size-gfx=262144"
    "memorysetup-allocator-temp-initial-block-size-main=262144"
    "memorysetup-allocator-temp-initial-block-size-worker=262144"
    "memorysetup-temp-allocator-size-background-worker=32768"
    "memorysetup-temp-allocator-size-job-worker=262144"
    "memorysetup-bucket-allocator-granularity=16"
    "memorysetup-bucket-allocator-bucket-count=8"
    "memorysetup-bucket-allocator-block-size=33554432"
    "memorysetup-bucket-allocator-block-count=8"
    "memorysetup-main-allocator-block-size=16777216"
    "memorysetup-thread-allocator-block-size=16777216"
    "memorysetup-main-allocator-mimalloc-enabled=1"
    "memorysetup-gfx-main-allocator-block-size=16777216"
    "memorysetup-gfx-thread-allocator-block-size=16777216"
    "memorysetup-cache-allocator-block-size=4194304"
    "memorysetup-typetree-allocator-block-size=2097152"
    "memorysetup-profiler-bucket-allocator-granularity=16"
    "memorysetup-profiler-bucket-allocator-bucket-count=8"
    "memorysetup-profiler-bucket-allocator-block-size=33554432"
    "memorysetup-profiler-bucket-allocator-block-count=8"
    "memorysetup-profiler-allocator-block-size=16777216"
    "memorysetup-profiler-editor-allocator-block-size=1048576"
    "memorysetup-temp-allocator-size-main=16777216"
    "memorysetup-job-temp-allocator-block-size=2097152"
    "memorysetup-job-temp-allocator-block-size-background=1048576"
    "memorysetup-job-temp-allocator-reduction-small-platforms=262144"
Player connection [8519754112]  Target information:

Player connection [8519754112]  * "[IP] 192.168.31.230 [Port] 55504 [Flags] 2 [Guid] 2020311851 [EditorId] 2020311851 [Version] 1048832 [Id] OSXEditor(0,MacBook-Air-Artur.local) [Debug] 1 [PackageName] OSXEditor [ProjectName] Editor" 

Player connection [8519754112]  * "[IP] 172.19.0.1 [Port] 55504 [Flags] 2 [Guid] 2020311851 [EditorId] 2020311851 [Version] 1048832 [Id] OSXEditor(0,MacBook-Air-Artur.local) [Debug] 1 [PackageName] OSXEditor [ProjectName] Editor" 

Player connection [8519754112] Host joined multi-casting on [225.0.0.222:54997]...
Player connection [8519754112] Host joined alternative multi-casting on [225.0.0.222:34997]...
Input System module state changed to: Initialized.
[Physics::Module] Initialized fallback backend.
[Physics::Module] Id: 0xdecafbad
[Licensing::Client] Handshaking with LicensingClient:
  Version:                 1.18.3+d7ffd15
  Session Id:              7d80e862f45d4190825592a7a98ddd24
  Correlation Id:          35d317ccd1fe91f53fda03acc8ac1de9
  External correlation Id: 806147388064617631
  Machine Id:              sBJ4X7kN7pQP36tegMFRT7ImO9M=
[Licensing::Module] Successfully connected to LicensingClient on channel: "LicenseClient-base" (connect: 0.00s, validation: 0.00s, handshake: 0.21s)
[Licensing::IpcConnector] Successfully connected to: "LicenseClient-base-notifications" at "2026-09-23T16:10:12.131869Z"
[Licensing::Client] Successfully updated the access token
[Licensing::Module] Successfully updated the access token zlbYANaAd_...
[Licensing::Client] Successfully resolved entitlement details
[Licensing::Module] License group:
  Id: 10171651314976-UnityPersXXXX
  Product: Unity Personal
  Type: Assigned
  Expiration: Unlimited
[Licensing::Client] Successfully updated license, isAsync: True, time: 0.00
[Licensing::Client] Successfully resolved entitlement details
[Licensing::Module] Licensing Background thread has ended after 0.21s
[Package Manager] Connected to IPC stream "Upm-2796" after 0.1 seconds.
[Licensing::Client] Successfully resolved entitlement details
Library Redirect Path: Library/
Initialising UDS system complete:
  - System type: Client
  - Resource namespace: caaa1bbe55e92b882e0c1685d7ed7cb9
  - Shared memory size: 1073741824
  - Command buffer id: 1052672
  - Command buffer size: 8192
  - Hashmap size: 4194304
  - Service connected: false
Launching Unity Data Store - /Applications/Unity/Hub/Editor/6000.6.1f1/Unity.app/Contents/Helpers/Unity.DataStore 
Unity Data Store artifact dir = Library/DataStore, working dir = /Users/base/monopoly-c-[Physics::Module] Selected backend.
[Physics::Module] Name: PhysX
[Physics::Module] Id: 0xf2b8ea05
[Physics::Module] SDK Version: 4.1.2
[Physics::Module] Integration Version: 1.0.0
[Physics::Module] Threading Mode: Multi-Threaded
Unity Data Store running and initialised
Initialize engine version: 6000.6.1f1 (7efac9f6c10e)
[EntityIdStore] init: VM path (explicit commit), pageSize=16384, blockCount=262144, entitiesPerBlock=1024, slots reserved=4294967296 bytes
[Subsystems] Discovering subsystems at path /Applications/Unity/Hub/Editor/6000.6.1f1/Unity.app/Contents/Resources/UnitySubsystems
[Subsystems] Discovering subsystems at path /Users/base/monopoly-c-/Assets
GfxDevice: creating device client; kGfxThreadingModeThreaded
 preferred device: Apple M5 (high power)
Metal devices available: 1
0: Apple M5 (high power)
Using device Apple M5 (high power)
Initializing Metal device caps: Apple M5
Mac GPU Family: 2
Apple GPU Family: 9
MSL Version: 3.0
Has Float MSAA: 1
Has Float Filtering: 1
ReadWrite Texture Tier: 2
Initialize mono
Mono path[0] = '/Applications/Unity/Hub/Editor/6000.6.1f1/Unity.app/Contents/Resources/Scripting/Managed'
Mono path[1] = '/Applications/Unity/Hub/Editor/6000.6.1f1/Unity.app/Contents/Resources/Scripting/BCLExtensions/runtime/netstandard2.1'
Mono path[2] = '/Applications/Unity/Hub/Editor/6000.6.1f1/Unity.app/Contents/Resources/Scripting/MonoBleedingEdge/lib/mono/unityjit-macos'
Mono config path = '/Applications/Unity/Hub/Editor/6000.6.1f1/Unity.app/Contents/Resources/Scripting/MonoBleedingEdge/etc'
Using monoOptions --debugger-agent=transport=dt_socket,embedding=1,server=y,suspend=n,address=127.0.0.1:56796
CodeReloadManager initialized
ImportWorker Server TCP listen port: 0
AcceleratorClientConnectionCallback - disconnected - :0
Begin MonoManager ReloadAssembly
Registering precompiled unity dll's ...
Register platform support module: /Applications/Unity/Hub/Editor/6000.6.1f1/PlaybackEngines/WebGLSupport/UnityEditor.WebGL.Extensions.dll
Register platform support module: /Applications/Unity/Hub/Editor/6000.6.1f1/PlaybackEngines/MacStandaloneSupport/UnityEditor.OSXStandalone.Extensions.dll
Registered in 0.001166 seconds.
Native extension for OSXStandalone target not found
Native extension for WebGL target not found
Package Manager log level set to [2]
ScheduleIndexationOnStartup MainProcess:False IndexOnStartup:True
Scripting: successfully reloaded assembly
- Finished resetting the current domain, in  0.397 seconds
Domain Reload Profiling: 636ms
	BeginReloadAssembly (63ms)
		CreateAndSetChildDomain (10ms)
	RebuildNativeTypeToScriptingClass (8ms)
	initialDomainReloadingComplete (24ms)
	LoadAllAssembliesAndSetupDomain (142ms)
		LoadAssemblies (53ms)
		TypeCache.Refresh (101ms)
			TypeCache.ScanAssembly (93ms)
		AnalyzeDomain (0ms)
	FinalizeReload (397ms)
		SetupLoadedEditorAssemblies (0ms)
			BeforeProcessingInitializeOnLoad (42ms)
			ProcessInitializeOnLoadAttributes (43ms)
			ProcessInitializeOnLoadMethodAttributes (224ms)
[Licensing::Client] Successfully resolved entitlement details
Application.AssetDatabase Initial Refresh Start
[Package Manager] Restoring resolved packages state from cache
[Licensing::Client] Successfully resolved entitlement details
[Package Manager] Registered 30 packages:
  Packages from [https://packages.unity.com]:
    com.unity.collab-proxy@2.13.6 (location: /Users/base/monopoly-c-/Library/PackageCache/com.unity.collab-proxy@4628d2ba6ea4)
    com.unity.ide.rider@3.0.38 (location: /Users/base/monopoly-c-/Library/PackageCache/com.unity.ide.rider@1f60b3138684)
    com.unity.ide.visualstudio@2.0.26 (location: /Users/base/monopoly-c-/Library/PackageCache/com.unity.ide.visualstudio@a99d56dec63f)
    com.unity.ide.vscode@1.2.5 (location: /Users/base/monopoly-c-/Library/PackageCache/com.unity.ide.vscode@82e68656b7bd)
  Built-in packages:
    com.unity.multiplayer.center@2.0.1 (location: /Users/base/monopoly-c-/Library/PackageCache/com.unity.multiplayer.center@549886182930)
    com.unity.test-framework@1.8.0 (location: /Users/base/monopoly-c-/Library/PackageCache/com.unity.test-framework@7a3849e09bd0)
    com.unity.timeline@6.6.0 (location: /Users/base/monopoly-c-/Library/PackageCache/com.unity.timeline@c56d56b0070b)
    com.unity.ugui@2.6.0 (location: /Users/base/monopoly-c-/Library/PackageCache/com.unity.ugui@fa62679cc16a)
    com.unity.modules.accessibility@1.0.0 (location: /Users/base/monopoly-c-/Library/PackageCache/com.unity.modules.accessibility)
    com.unity.modules.adaptiveperformance@1.0.0 (location: /Users/base/monopoly-c-/Library/PackageCache/com.unity.modules.adaptiveperformance)
    com.unity.modules.ai@1.0.0 (location: /Users/base/monopoly-c-/Library/PackageCache/com.unity.modules.ai)
    com.unity.modules.androidjni@1.0.0 (location: /Users/base/monopoly-c-/Library/PackageCache/com.unity.modules.androidjni)
    com.unity.modules.animation@1.0.0 (location: /Users/base/monopoly-c-/Library/PackageCache/com.unity.modules.animation)
    com.unity.modules.audio@1.0.0 (location: /Users/base/monopoly-c-/Library/PackageCache/com.unity.modules.audio)
    com.unity.modules.physics2d@1.0.0 (location: /Users/base/monopoly-c-/Library/PackageCache/com.unity.modules.physics2d)
    com.unity.modules.physicscore2d@1.0.0 (location: /Users/base/monopoly-c-/Library/PackageCache/com.unity.modules.physicscore2d)
    com.unity.modules.tetgen@1.0.0 (location: /Users/base/monopoly-c-/Library/PackageCache/com.unity.modules.tetgen)
    com.unity.modules.timelinefoundation@1.0.0 (location: /Users/base/monopoly-c-/Library/PackageCache/com.unity.modules.timelinefoundation)
    com.unity.modules.ui@1.0.0 (location: /Users/base/monopoly-c-/Library/PackageCache/com.unity.modules.ui)
    com.unity.modules.vectorgraphics@1.0.0 (location: /Users/base/monopoly-c-/Library/PackageCache/com.unity.modules.vectorgraphics)
    com.unity.modules.uielements@1.0.0 (location: /Users/base/monopoly-c-/Library/PackageCache/com.unity.modules.uielements)
    com.unity.modules.imageconversion@1.0.0 (location: /Users/base/monopoly-c-/Library/PackageCache/com.unity.modules.imageconversion)
    com.unity.modules.imgui@1.0.0 (location: /Users/base/monopoly-c-/Library/PackageCache/com.unity.modules.imgui)
    com.unity.modules.jsonserialize@1.0.0 (location: /Users/base/monopoly-c-/Library/PackageCache/com.unity.modules.jsonserialize)
    com.unity.modules.subsystems@1.0.0 (location: /Users/base/monopoly-c-/Library/PackageCache/com.unity.modules.subsystems)
    com.unity.modules.physics@1.0.0 (location: /Users/base/monopoly-c-/Library/PackageCache/com.unity.modules.physics)
    com.unity.modules.director@1.0.0 (location: /Users/base/monopoly-c-/Library/PackageCache/com.unity.modules.director)
    com.unity.modules.particlesystem@1.0.0 (location: /Users/base/monopoly-c-/Library/PackageCache/com.unity.modules.particlesystem)
    com.unity.ext.nunit@2.1.0 (location: /Users/base/monopoly-c-/Library/PackageCache/com.unity.ext.nunit@0198eae3b53e)
    com.unity.modules.hierarchycore@1.0.0 (location: /Users/base/monopoly-c-/Library/PackageCache/com.unity.modules.hierarchycore)
[Package Manager] com.unity.ide.vscode is deprecated: Visual Studio Code package is not supported anymore. You can continue to use it, but we won't provide any update anymore.
[Subsystems] No new subsystems found in resolved package list.
[Package Manager] Done registering packages in 0.00 seconds
Starting: /Applications/Unity/Hub/Editor/6000.6.1f1/Unity.app/Contents/Resources/BuildPipeline/bee_backend --ipc --defer-dag-verification --dagfile="Library/Bee/200b0aE.dag" --continue-on-failure --profile="Library/Bee/backend1.traceevents" ScriptAssemblies
WorkingDir: /Users/base/monopoly-c-
ExitCode: 0 Duration: 0s105ms
[307/359    0s] ILPP-Configuration Library/ilpp-configuration.nevergeneratedoutput
*** Tundra build success (0.09 seconds), 1 items updated, 359 evaluated
AssetDatabase: script compilation time: 0.513766s
Begin MonoManager ReloadAssembly
Native extension for OSXStandalone target not found
Native extension for WebGL target not found
ScheduleIndexationOnStartup MainProcess:True IndexOnStartup:True
Scripting: successfully reloaded assembly
- Finished resetting the current domain, in  0.263 seconds
Domain Reload Profiling: 622ms
	BeginReloadAssembly (190ms)
		DisableScriptedObjects (7ms)
		CreateAndSetChildDomain (125ms)
	RebuildCommonClasses (4ms)
	RebuildNativeTypeToScriptingClass (7ms)
	initialDomainReloadingComplete (16ms)
	LoadAllAssembliesAndSetupDomain (141ms)
		LoadAssemblies (91ms)
		TypeCache.Refresh (33ms)
			TypeCache.ScanAssembly (28ms)
		AnalyzeDomain (7ms)
			BuildScriptInfoCaches (6ms)
	FinalizeReload (264ms)
		SetupLoadedEditorAssemblies (0ms)
			BeforeProcessingInitializeOnLoad (42ms)
			ProcessInitializeOnLoadAttributes (103ms)
			ProcessInitializeOnLoadMethodAttributes (19ms)
		AwakeInstancesAfterBackupRestoration (8ms)
Starting new worker id: 0 with log in /Users/base/monopoly-c-/Logs/AssetImportWorkerHW0.log

Asset Pipeline Refresh (id=a87fa929931cd48459a67c5830e9f5ba): Total: 1.321 seconds - Initiated by InitialRefreshV2(ForceSynchronousImport)
	(Values over 0.05ms)
	Summary:
		Imports: total=0 (actual=0, local cache=0, cache server=0)
		Asset DB Process Time: managed=0 ms, native=415 ms
		Asset DB Callback time: managed=11 ms, native=2 ms
		Scripting: domain reloads=1, domain reload time=369 ms, compile time=515 ms, other=6 ms
		Project Asset Count: scripts=490, non-scripts=754
		Asset File Changes: new=0, changed=0, moved=0, deleted=0
		Scan Filter Count: 1
	InvokePackagesCallback: 3.277ms
	ApplyChangesToAssetFolders: 0.141ms
	Scan: 93.117ms
	Collect global state as custom dependencies: 2.516ms
	CategorizeScriptCompilationAssets: 10.918ms
	ProcessAssetsWithTransientArtifactChanges: 9.721ms
	CategorizeAssets: 5.359ms
	CompileScripts: 514.790ms
	ImportOutOfDateAssets: 266.666ms (265.598ms without children)
		UnloadImportedAssets: 0.088ms
		EnsureUptoDateAssetsAreRegisteredWithGuidPM: 0.100ms
		ImportSchedulerStart: 0.880ms
	PostProcessAllAssets: 11.340ms
		MonoPostProcessAllAssets: 11.320ms
			SyncVS.PostprocessSyncProject 4.216ms
			WindowAssetPostprocessingWatcher.OnPostprocessAllAssets 2.879ms
			EditModeScopePostprocessor.OnPostprocessAllAssets 0.337ms
			SpeedTree9Postprocessor.OnPostprocessAllAssets 0.278ms
			ReferencedClipsPostProcessor.OnPostprocessAllAssets 0.098ms
			TerrainToolbarOverlayPostProcessor.OnPostprocessAllAssets 0.070ms
			AssetDatabaseCallbacks.OnPostprocessAllAssets 0.050ms
	UnloadStreamsBegin: 0.628ms
	GenerateScriptTypeHashes: 0.400ms
	GenerateScriptTypeSerializationHashes: 0.801ms
	Untracked: 401.388ms

Application.AssetDatabase Initial Refresh End
Launching external process: /Applications/Unity/Hub/Editor/6000.6.1f1/Unity.app/Contents/Helpers/UnityShaderCompiler
Launched and connected shader compiler UnityShaderCompiler after 0.03 seconds
Scanning for USB devices : 0.016ms
Initializing Unity extensions:
[MODES] ModeService[none].Initialize
[MODES] ModeService[none].LoadModes
[MODES] Loading mode Default (0) for mode-current-id-monopoly
2026-09-23 19:10:14.545 Unity[2796:96808] NSEventModifierFlagFunction specified to -setKeyEquivalentModifierMask: for item <NSMenuItem: 0x910d8bd40 SDF, ke='Command-F12'>, but is only supported for system-provided menu items; will not be used
Unloading 2 Unused Serialized files (Serialized files now loaded: 0)
Loaded scene 'Assets/Scenes/Main.unity'
	Deserialize:            0.548 ms
	Integration:            3.326 ms
	Integration of assets:  0.001 ms
	Thread Wait Time:       0.006 ms
	Total Operation Time:   3.881 ms
Unloading 2213 unused Assets / (444.0 KB). Loaded Objects now: 2951.
Memory consumption went from 169.4 MB to 169.0 MB.
Total: 3.474583 ms (FindLiveObjects: 0.141167 ms CreateObjectMapping: 0.029666 ms MarkObjects: 2.986667 ms  DeleteObjects: 0.267500 ms)

[LAYOUT] About to load UserSettings/Layouts/default-6000.dwlt, keepMainWindow=False
[LAYOUT] About to save layout /Users/base/monopoly-c-/UserSettings/Layouts/default-6000.dwlt
[LAYOUT] About to save layout /Users/base/Library/Preferences/Unity/Editor-5.x/Layouts/current/default-6000.dwlt
[MODES] ModeService[default].InitializeCurrentMode
[MODES] ModeService[default].RaiseModeChanged(default, default)
This project uses Input Manager, which is marked for deprecation. To manage input in your project, use the <a href="https://docs.unity3d.com/Packages/com.unity.inputsystem@latest">Input System package</a> instead.
[Project] Loading completed in 3.046 seconds
	Project init time: 				0.000 seconds
		Template init time: 		0.000 seconds
		Package Manager init time: 		0.000 seconds
		Asset Database init time: 		0.000 seconds
		Global illumination init time: 	0.000 seconds
		Assemblies load time: 			0.000 seconds
		Unity extensions init time: 	0.000 seconds
		Asset Database refresh time: 	0.000 seconds
	Scene opening time: 			0.000 seconds
##utp:{"type":"ProjectInfo","version":2,"phase":"Immediate","time":1790179814969,"processId":2796,"projectLoad":3.0462447920000004,"projectInit":0.0,"templateInit":0.0,"packageManagerInit":0.0,"assetDatabaseInit":0.0,"globalIlluminationInit":0.0,"assembliesLoad":0.0,"unityExtensionsInit":0.0,"assetDatabaseRefresh":0.0,"sceneOpening":0.0}
##utp:{"type":"EditorInfo","version":2,"phase":"Immediate","time":1790179814969,"processId":2796,"editorVersion":"6000.6.1f1 (7efac9f6c10e)","branch":"6000.6/staging","buildType":"Release","platform":"OSX"}
Subscribe to USB device events
Start Indexing on Editor startup
[Indexing] Starting Initial Indexing for Assets
Worker ready: AssetImportWorkerHW0 0
Created GICache directory at /Users/base/Library/Caches/com.unity3d.UnityEditor/GiCache. Took: 0.003s, timestamps: [3.055 - 3.058]
[Licensing::Client] Successfully resolved entitlement details
[Licensing::Client] Successfully resolved entitlement details
[Licensing::Client] Successfully resolved entitlement details
[Licensing::Client] Successfully updated the access token
[Licensing::Module] Successfully updated access token: "zlbYANaA"... (expires: 2026-09-23T16:33:29Z)
[Licensing::Client] Successfully resolved entitlement details
Thread 0x419747000 may have been prematurely finalized
<CFData 0x906a25a40 [0x1fd3a53c8]>{length = 6, capacity = 6, bytes = 0x7cd1adb8a66a}
Reloading assemblies for play mode.
Reloading assemblies after forced synchronous recompile.
Begin MonoManager ReloadAssembly
Native extension for OSXStandalone target not found
Native extension for WebGL target not found
ScheduleIndexationOnStartup MainProcess:True IndexOnStartup:True
[MODES] ModeService[none].Initialize
[MODES] ModeService[none].LoadModes
Scripting: successfully reloaded assembly
- Finished resetting the current domain, in  0.523 seconds
Domain Reload Profiling: 827ms
	BeginReloadAssembly (223ms)
		DisableScriptedObjects (28ms)
		CreateAndSetChildDomain (145ms)
	RebuildCommonClasses (4ms)
	RebuildNativeTypeToScriptingClass (7ms)
	initialDomainReloadingComplete (15ms)
	LoadAllAssembliesAndSetupDomain (56ms)
		LoadAssemblies (30ms)
		TypeCache.Refresh (3ms)
		AnalyzeDomain (1ms)
	FinalizeReload (523ms)
		SetupLoadedEditorAssemblies (0ms)
			BeforeProcessingInitializeOnLoad (42ms)
			ProcessInitializeOnLoadAttributes (81ms)
			ProcessInitializeOnLoadMethodAttributes (22ms)
		AwakeInstancesAfterBackupRestoration (236ms)
No restricted APIs configured; Validation skipped.
Checking 9 assemblies for restricted APIs found 0 usage(s) in 1 ms

Asset Pipeline Refresh (id=0d55b7ce6443544f0a943c60ffedb0cb): Total: 0.975 seconds - Initiated by StopAssetImportingV2(ForceSynchronousImport | ForceDomainReload)
	(Values over 0.05ms)
	Summary:
		Imports: total=0 (actual=0, local cache=0, cache server=0)
		Asset DB Process Time: managed=0 ms, native=564 ms
		Asset DB Callback time: managed=73 ms, native=22 ms
		Scripting: domain reloads=1, domain reload time=313 ms, compile time=1 ms, other=0 ms
		Project Asset Count: scripts=490, non-scripts=754
		Asset File Changes: new=0, changed=0, moved=0, deleted=0
		Scan Filter Count: 0
	InvokePackagesCallback: 0.397ms
	ApplyChangesToAssetFolders: 0.053ms
	Collect global state as custom dependencies: 0.145ms
	ProcessAssetsWithTransientArtifactChanges: 19.596ms
	CategorizeAssets: 4.087ms
	CompileScripts: 0.835ms
	ImportOutOfDateAssets: 524.428ms (523.790ms without children)
		UnloadImportedAssets: 0.437ms
		EnsureUptoDateAssetsAreRegisteredWithGuidPM: 0.095ms
		ImportSchedulerStart: 0.104ms
	PostProcessAllAssets: 94.088ms
		PostprocessAssetsUpdateCachedIcon 2.563ms
		PostProcessCallbackCreateDeferredMaterials 2.234ms
		AssemblyValidation.PostprocessAllAssets 2.140ms
		ShaderAssetModifiedCallback 1.427ms
		RaytracingShaderImportPostprocess 1.214ms
		ComputeShaderImportPostprocess 1.173ms
		SpeedTreeImporter.PostprocessAllAssets 1.042ms
		LocalizationDatabase.AssetDatabasePostprocessCallback 0.552ms
		BlockShaderImporter.PostprocessAllAssets 0.541ms
		MonoPostProcessAllAssets: 72.618ms
			SyncVS.PostprocessSyncProject 52.050ms
			AssetPostprocessor.OnPostprocessAllAssets 3.816ms
			TextAssetPostProcessor.OnPostprocessAllAssets 3.013ms
			BuilderAssetPostprocessor.OnPostprocessAllAssets 2.548ms
			AssetChangedListener.OnPostprocessAllAssets 2.348ms
			WindowAssetPostprocessingWatcher.OnPostprocessAllAssets 1.853ms
			RetainedModeAssetPostprocessor.OnPostprocessAllAssets 0.612ms
			SpeedTree9Postprocessor.OnPostprocessAllAssets 0.525ms
			ArtifactBrowserPostProcessor.OnPostprocessAllAssets 0.200ms
			StyleCatalogPostProcessor.OnPostprocessAllAssets 0.139ms
			UVCSAssetPostprocessor.OnPostprocessAllAssets 0.116ms
			AudioMixerPostprocessor.OnPostprocessAllAssets 0.114ms
			SpeedTreePostProcessor.OnPostprocessAllAssets 0.107ms
			TMPro_TexturePostProcessor.OnPostprocessAllAssets 0.106ms
			EditModeScopePostprocessor.OnPostprocessAllAssets 0.099ms
			ReferencedClipsPostProcessor.OnPostprocessAllAssets 0.095ms
			ThemePostprocessor.OnPostprocessAllAssets 0.076ms
			AssetEvents.OnPostprocessAllAssets 0.071ms
	PostAssetChangesProfiler: 1.769ms
	UnloadStreamsBegin: 0.723ms
	GenerateScriptTypeHashes: 0.263ms
	GenerateScriptTypeSerializationHashes: 0.563ms
	Untracked: 327.257ms

Loaded scene 'Temp/__Backupscenes/0.backup'
	Deserialize:            0.262 ms
	Integration:            15.548 ms
	Integration of assets:  0.001 ms
	Thread Wait Time:       0.005 ms
	Total Operation Time:   15.814 ms
[Licensing::Client] Successfully resolved entitlement details
[Licensing::Client] Successfully resolved entitlement details
2026-09-23 19:10:35.180 Unity[2796:96808] NSEventModifierFlagFunction specified to -setKeyEquivalentModifierMask: for item <NSMenuItem: 0x910d8bd40 SDF, ke='Command-F12'>, but is only supported for system-provided menu items; will not be used
[Licensing::Client] Successfully resolved entitlement details
[Licensing::Client] Successfully resolved entitlement details
[Licensing::Client] Successfully resolved entitlement details
[Licensing::Client] Successfully resolved entitlement details
[Licensing::Client] Successfully resolved entitlement details
[Licensing::Client] Successfully resolved entitlement details
[Licensing::Client] Successfully resolved entitlement details
[Licensing::Client] Successfully resolved entitlement details
[Licensing::Client] Successfully resolved entitlement details
[Licensing::Client] Successfully resolved entitlement details
[Licensing::Client] Successfully resolved entitlement details
[Licensing::Client] Successfully resolved entitlement details
TrimDiskCacheJob: Current cache size 0mb
2026-09-23 19:10:55.623 Unity[2796:96808] NSEventModifierFlagFunction specified to -setKeyEquivalentModifierMask: for item <NSMenuItem: 0x910d8a620 SDF, ke='Command-F12'>, but is only supported for system-provided menu items; will not be used
Thread 0x170457000 may have been prematurely finalized
Unloading 5 Unused Serialized files (Serialized files now loaded: 0)
Loaded scene 'Temp/__Backupscenes/0.backup'
	Deserialize:            0.340 ms
	Integration:            10.668 ms
	Integration of assets:  0.001 ms
	Thread Wait Time:       0.009 ms
	Total Operation Time:   11.018 ms
Unloading 2053 unused Assets / (18.2 MB). Loaded Objects now: 4141.
Memory consumption went from 255.9 MB to 237.7 MB.
Total: 13.315084 ms (FindLiveObjects: 0.198459 ms CreateObjectMapping: 0.046875 ms MarkObjects: 10.655291 ms  DeleteObjects: 2.353583 ms)

[Licensing::Client] Successfully resolved entitlement details
Quaternion To Matrix conversion failed because input Quaternion is invalid {0.469500, 0.000000, 0.000000, 0.882900} l=0.999943
UnityEngine.Debug:ExtractStackTraceNoAlloc (byte*,int,string)
UnityEngine.StackTraceUtility:ExtractStackTrace () (at /Users/bokken/build/output/unity/unity/Runtime/Export/Scripting/StackTrace.cs:23)
UnityEngine.Matrix4x4:Internal_TRS (UnityEngine.Vector3&,UnityEngine.Quaternion&,UnityEngine.Vector3&)
UnityEditor.Handles:DoPositionHandle_Internal (UnityEditor.Handles/PositionHandleIds,UnityEngine.Vector3,UnityEngine.Quaternion,UnityEditor.Handles/PositionHandleParam) (at /Users/bokken/build/output/unity/unity/Editor/Mono/Handles/PositionHandle.cs:245)
UnityEditor.Handles:DoPositionHandle (UnityEditor.Handles/PositionHandleIds,UnityEngine.Vector3,UnityEngine.Quaternion) (at /Users/bokken/build/output/unity/unity/Editor/Mono/Handles/PositionHandle.cs:226)
UnityEditor.Handles:DoPositionHandle (UnityEngine.Vector3,UnityEngine.Quaternion) (at /Users/bokken/build/output/unity/unity/Editor/Mono/Handles/PositionHandle.cs:179)
UnityEditor.Handles:PositionHandle (UnityEngine.Vector3,UnityEngine.Quaternion) (at /Users/bokken/build/output/unity/unity/Editor/Mono/Handles/Handles.cs:876)
UnityEditor.MoveTool:ToolGUI (UnityEditor.SceneView,UnityEngine.Vector3,bool) (at /Users/bokken/build/output/unity/unity/Editor/Mono/Tools/BuiltinTools.cs:316)
UnityEditor.ManipulationTool`1<UnityEditor.MoveTool>:OnToolGUI (UnityEditor.EditorWindow) (at /Users/bokken/build/output/unity/unity/Editor/Mono/Tools/BuiltinTools.cs:52)
UnityEditor.EditorTools.EditorToolManager/EditorToolState:OnToolGUI (UnityEditor.EditorWindow) (at /Users/bokken/build/output/unity/unity/Editor/Mono/Tools/EditorToolManager.cs:454)
UnityEditor.EditorTools.EditorToolManager:OnToolGUI (UnityEditor.EditorWindow) (at /Users/bokken/build/output/unity/unity/Editor/Mono/Tools/EditorToolManager.cs:1099)
UnityEditor.SceneView:DefaultHandles () (at /Users/bokken/build/output/unity/unity/Editor/Mono/SceneView/SceneView.cs:3861)
UnityEditor.SceneView:DoOnGUI () (at /Users/bokken/build/output/unity/unity/Editor/Mono/SceneView/SceneView.cs:2960)
UnityEditor.SceneView:OnSceneGUI () (at /Users/bokken/build/output/unity/unity/Editor/Mono/SceneView/SceneView.cs:2799)
UnityEngine.UIElements.IMGUIContainer:DoOnGUI (UnityEngine.Event,UnityEngine.Matrix4x4,UnityEngine.Rect,bool,UnityEngine.Rect,System.Action,bool) (at /Users/bokken/build/output/unity/unity/Modules/UIElements/Core/IMGUIContainer.cs:387)
UnityEngine.UIElements.IMGUIContainer:HandleIMGUIEvent (UnityEngine.Event,UnityEngine.Matrix4x4,UnityEngine.Rect,System.Action,bool) (at /Users/bokken/build/output/unity/unity/Modules/UIElements/Core/IMGUIContainer.cs:705)
UnityEngine.UIElements.IMGUIContainer:DoIMGUIRepaint () (at /Users/bokken/build/output/unity/unity/Modules/UIElements/Core/IMGUIContainer.cs:573)
UnityEngine.UIElements.UIR.RenderChainCommand:ExecuteNonDrawMesh (UnityEngine.UIElements.UIR.DrawParams,System.Exception&) (at /Users/bokken/build/output/unity/unity/Modules/UIElements/Core/Renderer/UIRenderer/UIRenderers.cs:186)
UnityEngine.UIElements.UIR.UIRenderDevice:EvaluateChain (UnityEngine.UIElements.UIR.RenderChainCommand,UnityEngine.Material,UnityEngine.Texture,UnityEngine.UIElements.UIR.ShaderInfoAllocator,System.Nullable`1<UnityEngine.Rect>,UnityEngine.Rect,single,bool,UnityEngine.UIElements.TextureSlotCount,bool,System.Exception&,UnityEngine.UIElements.BaseVisualElementPanel) (at /Users/bokken/build/output/unity/unity/Modules/UIElements/Core/Renderer/UIRenderer/UIRenderDevice.cs:983)
UnityEngine.UIElements.UIR.RenderTreeManager:RenderSingleTree (UnityEngine.UIElements.UIR.RenderTree,UnityEngine.RenderTexture,UnityEngine.RectInt,UnityEngine.Rect) (at /Users/bokken/build/output/unity/unity/Modules/UIElements/Core/Renderer/UIRRenderTreeManager.cs:606)
UnityEngine.UIElements.UIR.RenderTreeManager:RenderRootTree () (at /Users/bokken/build/output/unity/unity/Modules/UIElements/Core/Renderer/UIRRenderTreeManager.cs:551)
UnityEngine.UIElements.UIRRepaintUpdater:Render () (at /Users/bokken/build/output/unity/unity/Modules/UIElements/Core/Renderer/UIRRepaintUpdater.cs:160)
UnityEngine.UIElements.BaseVisualElementPanel:Render () (at /Users/bokken/build/output/unity/unity/Modules/UIElements/Core/Panel.cs:1032)
UnityEngine.UIElements.Panel:Render () (at /Users/bokken/build/output/unity/unity/Modules/UIElements/Core/Panel.cs:1843)
UnityEditor.UIElements.EditorEventDispatchUtility:DoDispatch (UnityEngine.UIElements.BaseVisualElementPanel,UnityEngine.Event) (at /Users/bokken/build/output/unity/unity/Modules/UIElementsEditor/EditorEventDispatchUtility.cs:62)
UnityEditor.UIElements.DefaultWindowBackend:ProcessEvent (UnityEngine.Event) (at /Users/bokken/build/output/unity/unity/Modules/UIElementsEditor/WindowBackends/DefaultWindowBackend.cs:114)
UnityEditor.GUIView:ProcessEvent (UnityEngine.EntityId,intptr,bool&) (at /Users/bokken/build/output/unity/unity/Editor/Mono/GUIView.cs:70)

[/Users/bokken/build/output/unity/unity/Runtime/Export/Scripting/StackTrace.cs line 23]

Quaternion To Matrix conversion failed because input Quaternion is invalid {0.469500, 0.000000, 0.000000, 0.882900} l=0.999943
UnityEngine.Debug:ExtractStackTraceNoAlloc (byte*,int,string)
UnityEngine.StackTraceUtility:ExtractStackTrace () (at /Users/bokken/build/output/unity/unity/Runtime/Export/Scripting/StackTrace.cs:23)
UnityEngine.Matrix4x4:Internal_TRS (UnityEngine.Vector3&,UnityEngine.Quaternion&,UnityEngine.Vector3&)
UnityEditor.Handles:DoPositionHandle_Internal (UnityEditor.Handles/PositionHandleIds,UnityEngine.Vector3,UnityEngine.Quaternion,UnityEditor.Handles/PositionHandleParam) (at /Users/bokken/build/output/unity/unity/Editor/Mono/Handles/PositionHandle.cs:245)
UnityEditor.Handles:DoPositionHandle (UnityEditor.Handles/PositionHandleIds,UnityEngine.Vector3,UnityEngine.Quaternion) (at /Users/bokken/build/output/unity/unity/Editor/Mono/Handles/PositionHandle.cs:226)
UnityEditor.Handles:DoPositionHandle (UnityEngine.Vector3,UnityEngine.Quaternion) (at /Users/bokken/build/output/unity/unity/Editor/Mono/Handles/PositionHandle.cs:179)
UnityEditor.Handles:PositionHandle (UnityEngine.Vector3,UnityEngine.Quaternion) (at /Users/bokken/build/output/unity/unity/Editor/Mono/Handles/Handles.cs:876)
UnityEditor.MoveTool:ToolGUI (UnityEditor.SceneView,UnityEngine.Vector3,bool) (at /Users/bokken/build/output/unity/unity/Editor/Mono/Tools/BuiltinTools.cs:316)
UnityEditor.ManipulationTool`1<UnityEditor.MoveTool>:OnToolGUI (UnityEditor.EditorWindow) (at /Users/bokken/build/output/unity/unity/Editor/Mono/Tools/BuiltinTools.cs:52)
UnityEditor.EditorTools.EditorToolManager/EditorToolState:OnToolGUI (UnityEditor.EditorWindow) (at /Users/bokken/build/output/unity/unity/Editor/Mono/Tools/EditorToolManager.cs:454)
UnityEditor.EditorTools.EditorToolManager:OnToolGUI (UnityEditor.EditorWindow) (at /Users/bokken/build/output/unity/unity/Editor/Mono/Tools/EditorToolManager.cs:1099)
UnityEditor.SceneView:DefaultHandles () (at /Users/bokken/build/output/unity/unity/Editor/Mono/SceneView/SceneView.cs:3861)
UnityEditor.SceneView:DoOnGUI () (at /Users/bokken/build/output/unity/unity/Editor/Mono/SceneView/SceneView.cs:2960)
UnityEditor.SceneView:OnSceneGUI () (at /Users/bokken/build/output/unity/unity/Editor/Mono/SceneView/SceneView.cs:2799)
UnityEngine.UIElements.IMGUIContainer:DoOnGUI (UnityEngine.Event,UnityEngine.Matrix4x4,UnityEngine.Rect,bool,UnityEngine.Rect,System.Action,bool) (at /Users/bokken/build/output/unity/unity/Modules/UIElements/Core/IMGUIContainer.cs:387)
UnityEngine.UIElements.IMGUIContainer:HandleIMGUIEvent (UnityEngine.Event,UnityEngine.Matrix4x4,UnityEngine.Rect,System.Action,bool) (at /Users/bokken/build/output/unity/unity/Modules/UIElements/Core/IMGUIContainer.cs:716)
UnityEngine.UIElements.IMGUIContainer:DoIMGUIRepaint () (at /Users/bokken/build/output/unity/unity/Modules/UIElements/Core/IMGUIContainer.cs:573)
UnityEngine.UIElements.UIR.RenderChainCommand:ExecuteNonDrawMesh (UnityEngine.UIElements.UIR.DrawParams,System.Exception&) (at /Users/bokken/build/output/unity/unity/Modules/UIElements/Core/Renderer/UIRenderer/UIRenderers.cs:186)
UnityEngine.UIElements.UIR.UIRenderDevice:EvaluateChain (UnityEngine.UIElements.UIR.RenderChainCommand,UnityEngine.Material,UnityEngine.Texture,UnityEngine.UIElements.UIR.ShaderInfoAllocator,System.Nullable`1<UnityEngine.Rect>,UnityEngine.Rect,single,bool,UnityEngine.UIElements.TextureSlotCount,bool,System.Exception&,UnityEngine.UIElements.BaseVisualElementPanel) (at /Users/bokken/build/output/unity/unity/Modules/UIElements/Core/Renderer/UIRenderer/UIRenderDevice.cs:983)
UnityEngine.UIElements.UIR.RenderTreeManager:RenderSingleTree (UnityEngine.UIElements.UIR.RenderTree,UnityEngine.RenderTexture,UnityEngine.RectInt,UnityEngine.Rect) (at /Users/bokken/build/output/unity/unity/Modules/UIElements/Core/Renderer/UIRRenderTreeManager.cs:606)
UnityEngine.UIElements.UIR.RenderTreeManager:RenderRootTree () (at /Users/bokken/build/output/unity/unity/Modules/UIElements/Core/Renderer/UIRRenderTreeManager.cs:551)
UnityEngine.UIElements.UIRRepaintUpdater:Render () (at /Users/bokken/build/output/unity/unity/Modules/UIElements/Core/Renderer/UIRRepaintUpdater.cs:160)
UnityEngine.UIElements.BaseVisualElementPanel:Render () (at /Users/bokken/build/output/unity/unity/Modules/UIElements/Core/Panel.cs:1032)
UnityEngine.UIElements.Panel:Render () (at /Users/bokken/build/output/unity/unity/Modules/UIElements/Core/Panel.cs:1843)
UnityEditor.UIElements.EditorEventDispatchUtility:DoDispatch (UnityEngine.UIElements.BaseVisualElementPanel,UnityEngine.Event) (at /Users/bokken/build/output/unity/unity/Modules/UIElementsEditor/EditorEventDispatchUtility.cs:62)
UnityEditor.UIElements.DefaultWindowBackend:ProcessEvent (UnityEngine.Event) (at /Users/bokken/build/output/unity/unity/Modules/UIElementsEditor/WindowBackends/DefaultWindowBackend.cs:114)
UnityEditor.GUIView:ProcessEvent (UnityEngine.EntityId,intptr,bool&) (at /Users/bokken/build/output/unity/unity/Editor/Mono/GUIView.cs:70)

[/Users/bokken/build/output/unity/unity/Runtime/Export/Scripting/StackTrace.cs line 23]

Quaternion To Matrix conversion failed because input Quaternion is invalid {0.469500, 0.000000, 0.000000, 0.882900} l=0.999943
UnityEngine.Debug:ExtractStackTraceNoAlloc (byte*,int,string)
UnityEngine.StackTraceUtility:ExtractStackTrace () (at /Users/bokken/build/output/unity/unity/Runtime/Export/Scripting/StackTrace.cs:23)
UnityEngine.Matrix4x4:Internal_TRS (UnityEngine.Vector3&,UnityEngine.Quaternion&,UnityEngine.Vector3&)
UnityEditor.Handles:DoPositionHandle_Internal (UnityEditor.Handles/PositionHandleIds,UnityEngine.Vector3,UnityEngine.Quaternion,UnityEditor.Handles/PositionHandleParam) (at /Users/bokken/build/output/unity/unity/Editor/Mono/Handles/PositionHandle.cs:245)
UnityEditor.Handles:DoPositionHandle (UnityEditor.Handles/PositionHandleIds,UnityEngine.Vector3,UnityEngine.Quaternion) (at /Users/bokken/build/output/unity/unity/Editor/Mono/Handles/PositionHandle.cs:226)
UnityEditor.Handles:DoPositionHandle (UnityEngine.Vector3,UnityEngine.Quaternion) (at /Users/bokken/build/output/unity/unity/Editor/Mono/Handles/PositionHandle.cs:179)
UnityEditor.Handles:PositionHandle (UnityEngine.Vector3,UnityEngine.Quaternion) (at /Users/bokken/build/output/unity/unity/Editor/Mono/Handles/Handles.cs:876)
UnityEditor.MoveTool:ToolGUI (UnityEditor.SceneView,UnityEngine.Vector3,bool) (at /Users/bokken/build/output/unity/unity/Editor/Mono/Tools/BuiltinTools.cs:316)
UnityEditor.ManipulationTool`1<UnityEditor.MoveTool>:OnToolGUI (UnityEditor.EditorWindow) (at /Users/bokken/build/output/unity/unity/Editor/Mono/Tools/BuiltinTools.cs:52)
UnityEditor.EditorTools.EditorToolManager/EditorToolState:OnToolGUI (UnityEditor.EditorWindow) (at /Users/bokken/build/output/unity/unity/Editor/Mono/Tools/EditorToolManager.cs:454)
UnityEditor.EditorTools.EditorToolManager:OnToolGUI (UnityEditor.EditorWindow) (at /Users/bokken/build/output/unity/unity/Editor/Mono/Tools/EditorToolManager.cs:1099)
UnityEditor.SceneView:DefaultHandles () (at /Users/bokken/build/output/unity/unity/Editor/Mono/SceneView/SceneView.cs:3861)
UnityEditor.SceneView:DoOnGUI () (at /Users/bokken/build/output/unity/unity/Editor/Mono/SceneView/SceneView.cs:2960)
UnityEditor.SceneView:OnSceneGUI () (at /Users/bokken/build/output/unity/unity/Editor/Mono/SceneView/SceneView.cs:2799)
UnityEngine.UIElements.IMGUIContainer:DoOnGUI (UnityEngine.Event,UnityEngine.Matrix4x4,UnityEngine.Rect,bool,UnityEngine.Rect,System.Action,bool) (at /Users/bokken/build/output/unity/unity/Modules/UIElements/Core/IMGUIContainer.cs:387)
UnityEngine.UIElements.IMGUIContainer:HandleIMGUIEvent (UnityEngine.Event,UnityEngine.Matrix4x4,UnityEngine.Rect,System.Action,bool) (at /Users/bokken/build/output/unity/unity/Modules/UIElements/Core/IMGUIContainer.cs:705)
UnityEngine.UIElements.IMGUIContainer:DoIMGUIRepaint () (at /Users/bokken/build/output/unity/unity/Modules/UIElements/Core/IMGUIContainer.cs:573)
UnityEngine.UIElements.UIR.RenderChainCommand:ExecuteNonDrawMesh (UnityEngine.UIElements.UIR.DrawParams,System.Exception&) (at /Users/bokken/build/output/unity/unity/Modules/UIElements/Core/Renderer/UIRenderer/UIRenderers.cs:186)
UnityEngine.UIElements.UIR.UIRenderDevice:EvaluateChain (UnityEngine.UIElements.UIR.RenderChainCommand,UnityEngine.Material,UnityEngine.Texture,UnityEngine.UIElements.UIR.ShaderInfoAllocator,System.Nullable`1<UnityEngine.Rect>,UnityEngine.Rect,single,bool,UnityEngine.UIElements.TextureSlotCount,bool,System.Exception&,UnityEngine.UIElements.BaseVisualElementPanel) (at /Users/bokken/build/output/unity/unity/Modules/UIElements/Core/Renderer/UIRenderer/UIRenderDevice.cs:983)
UnityEngine.UIElements.UIR.RenderTreeManager:RenderSingleTree (UnityEngine.UIElements.UIR.RenderTree,UnityEngine.RenderTexture,UnityEngine.RectInt,UnityEngine.Rect) (at /Users/bokken/build/output/unity/unity/Modules/UIElements/Core/Renderer/UIRRenderTreeManager.cs:606)
UnityEngine.UIElements.UIR.RenderTreeManager:RenderRootTree () (at /Users/bokken/build/output/unity/unity/Modules/UIElements/Core/Renderer/UIRRenderTreeManager.cs:551)
UnityEngine.UIElements.UIRRepaintUpdater:Render () (at /Users/bokken/build/output/unity/unity/Modules/UIElements/Core/Renderer/UIRRepaintUpdater.cs:160)
UnityEngine.UIElements.BaseVisualElementPanel:Render () (at /Users/bokken/build/output/unity/unity/Modules/UIElements/Core/Panel.cs:1032)
UnityEngine.UIElements.Panel:Render () (at /Users/bokken/build/output/unity/unity/Modules/UIElements/Core/Panel.cs:1843)
UnityEditor.UIElements.EditorEventDispatchUtility:DoDispatch (UnityEngine.UIElements.BaseVisualElementPanel,UnityEngine.Event) (at /Users/bokken/build/output/unity/unity/Modules/UIElementsEditor/EditorEventDispatchUtility.cs:62)
UnityEditor.UIElements.DefaultWindowBackend:ProcessEvent (UnityEngine.Event) (at /Users/bokken/build/output/unity/unity/Modules/UIElementsEditor/WindowBackends/DefaultWindowBackend.cs:114)
UnityEditor.GUIView:ProcessEvent (UnityEngine.EntityId,intptr,bool&) (at /Users/bokken/build/output/unity/unity/Editor/Mono/GUIView.cs:70)

[/Users/bokken/build/output/unity/unity/Runtime/Export/Scripting/StackTrace.cs line 23]

Quaternion To Matrix conversion failed because input Quaternion is invalid {0.469500, 0.000000, 0.000000, 0.882900} l=0.999943
UnityEngine.Debug:ExtractStackTraceNoAlloc (byte*,int,string)
UnityEngine.StackTraceUtility:ExtractStackTrace () (at /Users/bokken/build/output/unity/unity/Runtime/Export/Scripting/StackTrace.cs:23)
UnityEngine.Matrix4x4:Internal_TRS (UnityEngine.Vector3&,UnityEngine.Quaternion&,UnityEngine.Vector3&)
UnityEditor.Handles:DoPositionHandle_Internal (UnityEditor.Handles/PositionHandleIds,UnityEngine.Vector3,UnityEngine.Quaternion,UnityEditor.Handles/PositionHandleParam) (at /Users/bokken/build/output/unity/unity/Editor/Mono/Handles/PositionHandle.cs:245)
UnityEditor.Handles:DoPositionHandle (UnityEditor.Handles/PositionHandleIds,UnityEngine.Vector3,UnityEngine.Quaternion) (at /Users/bokken/build/output/unity/unity/Editor/Mono/Handles/PositionHandle.cs:226)
UnityEditor.Handles:DoPositionHandle (UnityEngine.Vector3,UnityEngine.Quaternion) (at /Users/bokken/build/output/unity/unity/Editor/Mono/Handles/PositionHandle.cs:179)
UnityEditor.Handles:PositionHandle (UnityEngine.Vector3,UnityEngine.Quaternion) (at /Users/bokken/build/output/unity/unity/Editor/Mono/Handles/Handles.cs:876)
UnityEditor.MoveTool:ToolGUI (UnityEditor.SceneView,UnityEngine.Vector3,bool) (at /Users/bokken/build/output/unity/unity/Editor/Mono/Tools/BuiltinTools.cs:316)
UnityEditor.ManipulationTool`1<UnityEditor.MoveTool>:OnToolGUI (UnityEditor.EditorWindow) (at /Users/bokken/build/output/unity/unity/Editor/Mono/Tools/BuiltinTools.cs:52)
UnityEditor.EditorTools.EditorToolManager/EditorToolState:OnToolGUI (UnityEditor.EditorWindow) (at /Users/bokken/build/output/unity/unity/Editor/Mono/Tools/EditorToolManager.cs:454)
UnityEditor.EditorTools.EditorToolManager:OnToolGUI (UnityEditor.EditorWindow) (at /Users/bokken/build/output/unity/unity/Editor/Mono/Tools/EditorToolManager.cs:1099)
UnityEditor.SceneView:DefaultHandles () (at /Users/bokken/build/output/unity/unity/Editor/Mono/SceneView/SceneView.cs:3861)
UnityEditor.SceneView:DoOnGUI () (at /Users/bokken/build/output/unity/unity/Editor/Mono/SceneView/SceneView.cs:2960)
UnityEditor.SceneView:OnSceneGUI () (at /Users/bokken/build/output/unity/unity/Editor/Mono/SceneView/SceneView.cs:2799)
UnityEngine.UIElements.IMGUIContainer:DoOnGUI (UnityEngine.Event,UnityEngine.Matrix4x4,UnityEngine.Rect,bool,UnityEngine.Rect,System.Action,bool) (at /Users/bokken/build/output/unity/unity/Modules/UIElements/Core/IMGUIContainer.cs:387)
UnityEngine.UIElements.IMGUIContainer:HandleIMGUIEvent (UnityEngine.Event,UnityEngine.Matrix4x4,UnityEngine.Rect,System.Action,bool) (at /Users/bokken/build/output/unity/unity/Modules/UIElements/Core/IMGUIContainer.cs:716)
UnityEngine.UIElements.IMGUIContainer:DoIMGUIRepaint () (at /Users/bokken/build/output/unity/unity/Modules/UIElements/Core/IMGUIContainer.cs:573)
UnityEngine.UIElements.UIR.RenderChainCommand:ExecuteNonDrawMesh (UnityEngine.UIElements.UIR.DrawParams,System.Exception&) (at /Users/bokken/build/output/unity/unity/Modules/UIElements/Core/Renderer/UIRenderer/UIRenderers.cs:186)
UnityEngine.UIElements.UIR.UIRenderDevice:EvaluateChain (UnityEngine.UIElements.UIR.RenderChainCommand,UnityEngine.Material,UnityEngine.Texture,UnityEngine.UIElements.UIR.ShaderInfoAllocator,System.Nullable`1<UnityEngine.Rect>,UnityEngine.Rect,single,bool,UnityEngine.UIElements.TextureSlotCount,bool,System.Exception&,UnityEngine.UIElements.BaseVisualElementPanel) (at /Users/bokken/build/output/unity/unity/Modules/UIElements/Core/Renderer/UIRenderer/UIRenderDevice.cs:983)
UnityEngine.UIElements.UIR.RenderTreeManager:RenderSingleTree (UnityEngine.UIElements.UIR.RenderTree,UnityEngine.RenderTexture,UnityEngine.RectInt,UnityEngine.Rect) (at /Users/bokken/build/output/unity/unity/Modules/UIElements/Core/Renderer/UIRRenderTreeManager.cs:606)
UnityEngine.UIElements.UIR.RenderTreeManager:RenderRootTree () (at /Users/bokken/build/output/unity/unity/Modules/UIElements/Core/Renderer/UIRRenderTreeManager.cs:551)
UnityEngine.UIElements.UIRRepaintUpdater:Render () (at /Users/bokken/build/output/unity/unity/Modules/UIElements/Core/Renderer/UIRRepaintUpdater.cs:160)
UnityEngine.UIElements.BaseVisualElementPanel:Render () (at /Users/bokken/build/output/unity/unity/Modules/UIElements/Core/Panel.cs:1032)
UnityEngine.UIElements.Panel:Render () (at /Users/bokken/build/output/unity/unity/Modules/UIElements/Core/Panel.cs:1843)
UnityEditor.UIElements.EditorEventDispatchUtility:DoDispatch (UnityEngine.UIElements.BaseVisualElementPanel,UnityEngine.Event) (at /Users/bokken/build/output/unity/unity/Modules/UIElementsEditor/EditorEventDispatchUtility.cs:62)
UnityEditor.UIElements.DefaultWindowBackend:ProcessEvent (UnityEngine.Event) (at /Users/bokken/build/output/unity/unity/Modules/UIElementsEditor/WindowBackends/DefaultWindowBackend.cs:114)
UnityEditor.GUIView:ProcessEvent (UnityEngine.EntityId,intptr,bool&) (at /Users/bokken/build/output/unity/unity/Editor/Mono/GUIView.cs:70)

[/Users/bokken/build/output/unity/unity/Runtime/Export/Scripting/StackTrace.cs line 23]

Quaternion To Matrix conversion failed because input Quaternion is invalid {0.469500, 0.000000, 0.000000, 0.882900} l=0.999943
UnityEngine.Debug:ExtractStackTraceNoAlloc (byte*,int,string)
UnityEngine.StackTraceUtility:ExtractStackTrace () (at /Users/bokken/build/output/unity/unity/Runtime/Export/Scripting/StackTrace.cs:23)
UnityEngine.Matrix4x4:Internal_TRS (UnityEngine.Vector3&,UnityEngine.Quaternion&,UnityEngine.Vector3&)
UnityEditor.Handles:DoPositionHandle_Internal (UnityEditor.Handles/PositionHandleIds,UnityEngine.Vector3,UnityEngine.Quaternion,UnityEditor.Handles/PositionHandleParam) (at /Users/bokken/build/output/unity/unity/Editor/Mono/Handles/PositionHandle.cs:245)
UnityEditor.Handles:DoPositionHandle (UnityEditor.Handles/PositionHandleIds,UnityEngine.Vector3,UnityEngine.Quaternion) (at /Users/bokken/build/output/unity/unity/Editor/Mono/Handles/PositionHandle.cs:226)
UnityEditor.Handles:DoPositionHandle (UnityEngine.Vector3,UnityEngine.Quaternion) (at /Users/bokken/build/output/unity/unity/Editor/Mono/Handles/PositionHandle.cs:179)
UnityEditor.Handles:PositionHandle (UnityEngine.Vector3,UnityEngine.Quaternion) (at /Users/bokken/build/output/unity/unity/Editor/Mono/Handles/Handles.cs:876)
UnityEditor.MoveTool:ToolGUI (UnityEditor.SceneView,UnityEngine.Vector3,bool) (at /Users/bokken/build/output/unity/unity/Editor/Mono/Tools/BuiltinTools.cs:316)
UnityEditor.ManipulationTool`1<UnityEditor.MoveTool>:OnToolGUI (UnityEditor.EditorWindow) (at /Users/bokken/build/output/unity/unity/Editor/Mono/Tools/BuiltinTools.cs:52)
UnityEditor.EditorTools.EditorToolManager/EditorToolState:OnToolGUI (UnityEditor.EditorWindow) (at /Users/bokken/build/output/unity/unity/Editor/Mono/Tools/EditorToolManager.cs:454)
UnityEditor.EditorTools.EditorToolManager:OnToolGUI (UnityEditor.EditorWindow) (at /Users/bokken/build/output/unity/unity/Editor/Mono/Tools/EditorToolManager.cs:1099)
UnityEditor.SceneView:DefaultHandles () (at /Users/bokken/build/output/unity/unity/Editor/Mono/SceneView/SceneView.cs:3861)
UnityEditor.SceneView:DoOnGUI () (at /Users/bokken/build/output/unity/unity/Editor/Mono/SceneView/SceneView.cs:2960)
UnityEditor.SceneView:OnSceneGUI () (at /Users/bokken/build/output/unity/unity/Editor/Mono/SceneView/SceneView.cs:2799)
UnityEngine.UIElements.IMGUIContainer:DoOnGUI (UnityEngine.Event,UnityEngine.Matrix4x4,UnityEngine.Rect,bool,UnityEngine.Rect,System.Action,bool) (at /Users/bokken/build/output/unity/unity/Modules/UIElements/Core/IMGUIContainer.cs:387)
UnityEngine.UIElements.IMGUIContainer:HandleIMGUIEvent (UnityEngine.Event,UnityEngine.Matrix4x4,UnityEngine.Rect,System.Action,bool) (at /Users/bokken/build/output/unity/unity/Modules/UIElements/Core/IMGUIContainer.cs:705)
UnityEngine.UIElements.IMGUIContainer:DoIMGUIRepaint () (at /Users/bokken/build/output/unity/unity/Modules/UIElements/Core/IMGUIContainer.cs:573)
UnityEngine.UIElements.UIR.RenderChainCommand:ExecuteNonDrawMesh (UnityEngine.UIElements.UIR.DrawParams,System.Exception&) (at /Users/bokken/build/output/unity/unity/Modules/UIElements/Core/Renderer/UIRenderer/UIRenderers.cs:186)
UnityEngine.UIElements.UIR.UIRenderDevice:EvaluateChain (UnityEngine.UIElements.UIR.RenderChainCommand,UnityEngine.Material,UnityEngine.Texture,UnityEngine.UIElements.UIR.ShaderInfoAllocator,System.Nullable`1<UnityEngine.Rect>,UnityEngine.Rect,single,bool,UnityEngine.UIElements.TextureSlotCount,bool,System.Exception&,UnityEngine.UIElements.BaseVisualElementPanel) (at /Users/bokken/build/output/unity/unity/Modules/UIElements/Core/Renderer/UIRenderer/UIRenderDevice.cs:983)
UnityEngine.UIElements.UIR.RenderTreeManager:RenderSingleTree (UnityEngine.UIElements.UIR.RenderTree,UnityEngine.RenderTexture,UnityEngine.RectInt,UnityEngine.Rect) (at /Users/bokken/build/output/unity/unity/Modules/UIElements/Core/Renderer/UIRRenderTreeManager.cs:606)
UnityEngine.UIElements.UIR.RenderTreeManager:RenderRootTree () (at /Users/bokken/build/output/unity/unity/Modules/UIElements/Core/Renderer/UIRRenderTreeManager.cs:551)
UnityEngine.UIElements.UIRRepaintUpdater:Render () (at /Users/bokken/build/output/unity/unity/Modules/UIElements/Core/Renderer/UIRRepaintUpdater.cs:160)
UnityEngine.UIElements.BaseVisualElementPanel:Render () (at /Users/bokken/build/output/unity/unity/Modules/UIElements/Core/Panel.cs:1032)
UnityEngine.UIElements.Panel:Render () (at /Users/bokken/build/output/unity/unity/Modules/UIElements/Core/Panel.cs:1843)
UnityEditor.UIElements.EditorEventDispatchUtility:DoDispatch (UnityEngine.UIElements.BaseVisualElementPanel,UnityEngine.Event) (at /Users/bokken/build/output/unity/unity/Modules/UIElementsEditor/EditorEventDispatchUtility.cs:62)
UnityEditor.UIElements.DefaultWindowBackend:ProcessEvent (UnityEngine.Event) (at /Users/bokken/build/output/unity/unity/Modules/UIElementsEditor/WindowBackends/DefaultWindowBackend.cs:114)
UnityEditor.GUIView:ProcessEvent (UnityEngine.EntityId,intptr,bool&) (at /Users/bokken/build/output/unity/unity/Editor/Mono/GUIView.cs:70)

[/Users/bokken/build/output/unity/unity/Runtime/Export/Scripting/StackTrace.cs line 23]

Quaternion To Matrix conversion failed because input Quaternion is invalid {0.469500, 0.000000, 0.000000, 0.882900} l=0.999943
UnityEngine.Debug:ExtractStackTraceNoAlloc (byte*,int,string)
UnityEngine.StackTraceUtility:ExtractStackTrace () (at /Users/bokken/build/output/unity/unity/Runtime/Export/Scripting/StackTrace.cs:23)
UnityEngine.Matrix4x4:Internal_TRS (UnityEngine.Vector3&,UnityEngine.Quaternion&,UnityEngine.Vector3&)
UnityEditor.Handles:DoPositionHandle_Internal (UnityEditor.Handles/PositionHandleIds,UnityEngine.Vector3,UnityEngine.Quaternion,UnityEditor.Handles/PositionHandleParam) (at /Users/bokken/build/output/unity/unity/Editor/Mono/Handles/PositionHandle.cs:245)
UnityEditor.Handles:DoPositionHandle (UnityEditor.Handles/PositionHandleIds,UnityEngine.Vector3,UnityEngine.Quaternion) (at /Users/bokken/build/output/unity/unity/Editor/Mono/Handles/PositionHandle.cs:226)
UnityEditor.Handles:DoPositionHandle (UnityEngine.Vector3,UnityEngine.Quaternion) (at /Users/bokken/build/output/unity/unity/Editor/Mono/Handles/PositionHandle.cs:179)
UnityEditor.Handles:PositionHandle (UnityEngine.Vector3,UnityEngine.Quaternion) (at /Users/bokken/build/output/unity/unity/Editor/Mono/Handles/Handles.cs:876)
UnityEditor.MoveTool:ToolGUI (UnityEditor.SceneView,UnityEngine.Vector3,bool) (at /Users/bokken/build/output/unity/unity/Editor/Mono/Tools/BuiltinTools.cs:316)
UnityEditor.ManipulationTool`1<UnityEditor.MoveTool>:OnToolGUI (UnityEditor.EditorWindow) (at /Users/bokken/build/output/unity/unity/Editor/Mono/Tools/BuiltinTools.cs:52)
UnityEditor.EditorTools.EditorToolManager/EditorToolState:OnToolGUI (UnityEditor.EditorWindow) (at /Users/bokken/build/output/unity/unity/Editor/Mono/Tools/EditorToolManager.cs:454)
UnityEditor.EditorTools.EditorToolManager:OnToolGUI (UnityEditor.EditorWindow) (at /Users/bokken/build/output/unity/unity/Editor/Mono/Tools/EditorToolManager.cs:1099)
UnityEditor.SceneView:DefaultHandles () (at /Users/bokken/build/output/unity/unity/Editor/Mono/SceneView/SceneView.cs:3861)
UnityEditor.SceneView:DoOnGUI () (at /Users/bokken/build/output/unity/unity/Editor/Mono/SceneView/SceneView.cs:2960)
UnityEditor.SceneView:OnSceneGUI () (at /Users/bokken/build/output/unity/unity/Editor/Mono/SceneView/SceneView.cs:2799)
UnityEngine.UIElements.IMGUIContainer:DoOnGUI (UnityEngine.Event,UnityEngine.Matrix4x4,UnityEngine.Rect,bool,UnityEngine.Rect,System.Action,bool) (at /Users/bokken/build/output/unity/unity/Modules/UIElements/Core/IMGUIContainer.cs:387)
UnityEngine.UIElements.IMGUIContainer:HandleIMGUIEvent (UnityEngine.Event,UnityEngine.Matrix4x4,UnityEngine.Rect,System.Action,bool) (at /Users/bokken/build/output/unity/unity/Modules/UIElements/Core/IMGUIContainer.cs:716)
UnityEngine.UIElements.IMGUIContainer:DoIMGUIRepaint () (at /Users/bokken/build/output/unity/unity/Modules/UIElements/Core/IMGUIContainer.cs:573)
UnityEngine.UIElements.UIR.RenderChainCommand:ExecuteNonDrawMesh (UnityEngine.UIElements.UIR.DrawParams,System.Exception&) (at /Users/bokken/build/output/unity/unity/Modules/UIElements/Core/Renderer/UIRenderer/UIRenderers.cs:186)
UnityEngine.UIElements.UIR.UIRenderDevice:EvaluateChain (UnityEngine.UIElements.UIR.RenderChainCommand,UnityEngine.Material,UnityEngine.Texture,UnityEngine.UIElements.UIR.ShaderInfoAllocator,System.Nullable`1<UnityEngine.Rect>,UnityEngine.Rect,single,bool,UnityEngine.UIElements.TextureSlotCount,bool,System.Exception&,UnityEngine.UIElements.BaseVisualElementPanel) (at /Users/bokken/build/output/unity/unity/Modules/UIElements/Core/Renderer/UIRenderer/UIRenderDevice.cs:983)
UnityEngine.UIElements.UIR.RenderTreeManager:RenderSingleTree (UnityEngine.UIElements.UIR.RenderTree,UnityEngine.RenderTexture,UnityEngine.RectInt,UnityEngine.Rect) (at /Users/bokken/build/output/unity/unity/Modules/UIElements/Core/Renderer/UIRRenderTreeManager.cs:606)
UnityEngine.UIElements.UIR.RenderTreeManager:RenderRootTree () (at /Users/bokken/build/output/unity/unity/Modules/UIElements/Core/Renderer/UIRRenderTreeManager.cs:551)
UnityEngine.UIElements.UIRRepaintUpdater:Render () (at /Users/bokken/build/output/unity/unity/Modules/UIElements/Core/Renderer/UIRRepaintUpdater.cs:160)
UnityEngine.UIElements.BaseVisualElementPanel:Render () (at /Users/bokken/build/output/unity/unity/Modules/UIElements/Core/Panel.cs:1032)
UnityEngine.UIElements.Panel:Render () (at /Users/bokken/build/output/unity/unity/Modules/UIElements/Core/Panel.cs:1843)
UnityEditor.UIElements.EditorEventDispatchUtility:DoDispatch (UnityEngine.UIElements.BaseVisualElementPanel,UnityEngine.Event) (at /Users/bokken/build/output/unity/unity/Modules/UIElementsEditor/EditorEventDispatchUtility.cs:62)
UnityEditor.UIElements.DefaultWindowBackend:ProcessEvent (UnityEngine.Event) (at /Users/bokken/build/output/unity/unity/Modules/UIElementsEditor/WindowBackends/DefaultWindowBackend.cs:114)
UnityEditor.GUIView:ProcessEvent (UnityEngine.EntityId,intptr,bool&) (at /Users/bokken/build/output/unity/unity/Editor/Mono/GUIView.cs:70)

[/Users/bokken/build/output/unity/unity/Runtime/Export/Scripting/StackTrace.cs line 23]

Quaternion To Matrix conversion failed because input Quaternion is invalid {0.469500, 0.000000, 0.000000, 0.882900} l=0.999943
UnityEngine.Debug:ExtractStackTraceNoAlloc (byte*,int,string)
UnityEngine.StackTraceUtility:ExtractStackTrace () (at /Users/bokken/build/output/unity/unity/Runtime/Export/Scripting/StackTrace.cs:23)
UnityEngine.Matrix4x4:Internal_TRS (UnityEngine.Vector3&,UnityEngine.Quaternion&,UnityEngine.Vector3&)
UnityEditor.Handles:DoPositionHandle_Internal (UnityEditor.Handles/PositionHandleIds,UnityEngine.Vector3,UnityEngine.Quaternion,UnityEditor.Handles/PositionHandleParam) (at /Users/bokken/build/output/unity/unity/Editor/Mono/Handles/PositionHandle.cs:245)
UnityEditor.Handles:DoPositionHandle (UnityEditor.Handles/PositionHandleIds,UnityEngine.Vector3,UnityEngine.Quaternion) (at /Users/bokken/build/output/unity/unity/Editor/Mono/Handles/PositionHandle.cs:226)
UnityEditor.Handles:DoPositionHandle (UnityEngine.Vector3,UnityEngine.Quaternion) (at /Users/bokken/build/output/unity/unity/Editor/Mono/Handles/PositionHandle.cs:179)
UnityEditor.Handles:PositionHandle (UnityEngine.Vector3,UnityEngine.Quaternion) (at /Users/bokken/build/output/unity/unity/Editor/Mono/Handles/Handles.cs:876)
UnityEditor.MoveTool:ToolGUI (UnityEditor.SceneView,UnityEngine.Vector3,bool) (at /Users/bokken/build/output/unity/unity/Editor/Mono/Tools/BuiltinTools.cs:316)
UnityEditor.ManipulationTool`1<UnityEditor.MoveTool>:OnToolGUI (UnityEditor.EditorWindow) (at /Users/bokken/build/output/unity/unity/Editor/Mono/Tools/BuiltinTools.cs:52)
UnityEditor.EditorTools.EditorToolManager/EditorToolState:OnToolGUI (UnityEditor.EditorWindow) (at /Users/bokken/build/output/unity/unity/Editor/Mono/Tools/EditorToolManager.cs:454)
UnityEditor.EditorTools.EditorToolManager:OnToolGUI (UnityEditor.EditorWindow) (at /Users/bokken/build/output/unity/unity/Editor/Mono/Tools/EditorToolManager.cs:1099)
UnityEditor.SceneView:DefaultHandles () (at /Users/bokken/build/output/unity/unity/Editor/Mono/SceneView/SceneView.cs:3861)
UnityEditor.SceneView:DoOnGUI () (at /Users/bokken/build/output/unity/unity/Editor/Mono/SceneView/SceneView.cs:2960)
UnityEditor.SceneView:OnSceneGUI () (at /Users/bokken/build/output/unity/unity/Editor/Mono/SceneView/SceneView.cs:2799)
UnityEngine.UIElements.IMGUIContainer:DoOnGUI (UnityEngine.Event,UnityEngine.Matrix4x4,UnityEngine.Rect,bool,UnityEngine.Rect,System.Action,bool) (at /Users/bokken/build/output/unity/unity/Modules/UIElements/Core/IMGUIContainer.cs:387)
UnityEngine.UIElements.IMGUIContainer:HandleIMGUIEvent (UnityEngine.Event,UnityEngine.Matrix4x4,UnityEngine.Rect,System.Action,bool) (at /Users/bokken/build/output/unity/unity/Modules/UIElements/Core/IMGUIContainer.cs:705)
UnityEngine.UIElements.IMGUIContainer:DoIMGUIRepaint () (at /Users/bokken/build/output/unity/unity/Modules/UIElements/Core/IMGUIContainer.cs:573)
UnityEngine.UIElements.UIR.RenderChainCommand:ExecuteNonDrawMesh (UnityEngine.UIElements.UIR.DrawParams,System.Exception&) (at /Users/bokken/build/output/unity/unity/Modules/UIElements/Core/Renderer/UIRenderer/UIRenderers.cs:186)
UnityEngine.UIElements.UIR.UIRenderDevice:EvaluateChain (UnityEngine.UIElements.UIR.RenderChainCommand,UnityEngine.Material,UnityEngine.Texture,UnityEngine.UIElements.UIR.ShaderInfoAllocator,System.Nullable`1<UnityEngine.Rect>,UnityEngine.Rect,single,bool,UnityEngine.UIElements.TextureSlotCount,bool,System.Exception&,UnityEngine.UIElements.BaseVisualElementPanel) (at /Users/bokken/build/output/unity/unity/Modules/UIElements/Core/Renderer/UIRenderer/UIRenderDevice.cs:983)
UnityEngine.UIElements.UIR.RenderTreeManager:RenderSingleTree (UnityEngine.UIElements.UIR.RenderTree,UnityEngine.RenderTexture,UnityEngine.RectInt,UnityEngine.Rect) (at /Users/bokken/build/output/unity/unity/Modules/UIElements/Core/Renderer/UIRRenderTreeManager.cs:606)
UnityEngine.UIElements.UIR.RenderTreeManager:RenderRootTree () (at /Users/bokken/build/output/unity/unity/Modules/UIElements/Core/Renderer/UIRRenderTreeManager.cs:551)
UnityEngine.UIElements.UIRRepaintUpdater:Render () (at /Users/bokken/build/output/unity/unity/Modules/UIElements/Core/Renderer/UIRRepaintUpdater.cs:160)
UnityEngine.UIElements.BaseVisualElementPanel:Render () (at /Users/bokken/build/output/unity/unity/Modules/UIElements/Core/Panel.cs:1032)
UnityEngine.UIElements.Panel:Render () (at /Users/bokken/build/output/unity/unity/Modules/UIElements/Core/Panel.cs:1843)
UnityEditor.UIElements.EditorEventDispatchUtility:DoDispatch (UnityEngine.UIElements.BaseVisualElementPanel,UnityEngine.Event) (at /Users/bokken/build/output/unity/unity/Modules/UIElementsEditor/EditorEventDispatchUtility.cs:62)
UnityEditor.UIElements.DefaultWindowBackend:ProcessEvent (UnityEngine.Event) (at /Users/bokken/build/output/unity/unity/Modules/UIElementsEditor/WindowBackends/DefaultWindowBackend.cs:114)
UnityEditor.GUIView:ProcessEvent (UnityEngine.EntityId,intptr,bool&) (at /Users/bokken/build/output/unity/unity/Editor/Mono/GUIView.cs:70)

[/Users/bokken/build/output/unity/unity/Runtime/Export/Scripting/StackTrace.cs line 23]

Quaternion To Matrix conversion failed because input Quaternion is invalid {0.469500, 0.000000, 0.000000, 0.882900} l=0.999943
UnityEngine.Debug:ExtractStackTraceNoAlloc (byte*,int,string)
UnityEngine.StackTraceUtility:ExtractStackTrace () (at /Users/bokken/build/output/unity/unity/Runtime/Export/Scripting/StackTrace.cs:23)
UnityEngine.Matrix4x4:Internal_TRS (UnityEngine.Vector3&,UnityEngine.Quaternion&,UnityEngine.Vector3&)
UnityEditor.Handles:DoPositionHandle_Internal (UnityEditor.Handles/PositionHandleIds,UnityEngine.Vector3,UnityEngine.Quaternion,UnityEditor.Handles/PositionHandleParam) (at /Users/bokken/build/output/unity/unity/Editor/Mono/Handles/PositionHandle.cs:245)
UnityEditor.Handles:DoPositionHandle (UnityEditor.Handles/PositionHandleIds,UnityEngine.Vector3,UnityEngine.Quaternion) (at /Users/bokken/build/output/unity/unity/Editor/Mono/Handles/PositionHandle.cs:226)
UnityEditor.Handles:DoPositionHandle (UnityEngine.Vector3,UnityEngine.Quaternion) (at /Users/bokken/build/output/unity/unity/Editor/Mono/Handles/PositionHandle.cs:179)
UnityEditor.Handles:PositionHandle (UnityEngine.Vector3,UnityEngine.Quaternion) (at /Users/bokken/build/output/unity/unity/Editor/Mono/Handles/Handles.cs:876)
UnityEditor.MoveTool:ToolGUI (UnityEditor.SceneView,UnityEngine.Vector3,bool) (at /Users/bokken/build/output/unity/unity/Editor/Mono/Tools/BuiltinTools.cs:316)
UnityEditor.ManipulationTool`1<UnityEditor.MoveTool>:OnToolGUI (UnityEditor.EditorWindow) (at /Users/bokken/build/output/unity/unity/Editor/Mono/Tools/BuiltinTools.cs:52)
UnityEditor.EditorTools.EditorToolManager/EditorToolState:OnToolGUI (UnityEditor.EditorWindow) (at /Users/bokken/build/output/unity/unity/Editor/Mono/Tools/EditorToolManager.cs:454)
UnityEditor.EditorTools.EditorToolManager:OnToolGUI (UnityEditor.EditorWindow) (at /Users/bokken/build/output/unity/unity/Editor/Mono/Tools/EditorToolManager.cs:1099)
UnityEditor.SceneView:DefaultHandles () (at /Users/bokken/build/output/unity/unity/Editor/Mono/SceneView/SceneView.cs:3861)
UnityEditor.SceneView:DoOnGUI () (at /Users/bokken/build/output/unity/unity/Editor/Mono/SceneView/SceneView.cs:2960)
UnityEditor.SceneView:OnSceneGUI () (at /Users/bokken/build/output/unity/unity/Editor/Mono/SceneView/SceneView.cs:2799)
UnityEngine.UIElements.IMGUIContainer:DoOnGUI (UnityEngine.Event,UnityEngine.Matrix4x4,UnityEngine.Rect,bool,UnityEngine.Rect,System.Action,bool) (at /Users/bokken/build/output/unity/unity/Modules/UIElements/Core/IMGUIContainer.cs:387)
UnityEngine.UIElements.IMGUIContainer:HandleIMGUIEvent (UnityEngine.Event,UnityEngine.Matrix4x4,UnityEngine.Rect,System.Action,bool) (at /Users/bokken/build/output/unity/unity/Modules/UIElements/Core/IMGUIContainer.cs:716)
UnityEngine.UIElements.IMGUIContainer:DoIMGUIRepaint () (at /Users/bokken/build/output/unity/unity/Modules/UIElements/Core/IMGUIContainer.cs:573)
UnityEngine.UIElements.UIR.RenderChainCommand:ExecuteNonDrawMesh (UnityEngine.UIElements.UIR.DrawParams,System.Exception&) (at /Users/bokken/build/output/unity/unity/Modules/UIElements/Core/Renderer/UIRenderer/UIRenderers.cs:186)
UnityEngine.UIElements.UIR.UIRenderDevice:EvaluateChain (UnityEngine.UIElements.UIR.RenderChainCommand,UnityEngine.Material,UnityEngine.Texture,UnityEngine.UIElements.UIR.ShaderInfoAllocator,System.Nullable`1<UnityEngine.Rect>,UnityEngine.Rect,single,bool,UnityEngine.UIElements.TextureSlotCount,bool,System.Exception&,UnityEngine.UIElements.BaseVisualElementPanel) (at /Users/bokken/build/output/unity/unity/Modules/UIElements/Core/Renderer/UIRenderer/UIRenderDevice.cs:983)
UnityEngine.UIElements.UIR.RenderTreeManager:RenderSingleTree (UnityEngine.UIElements.UIR.RenderTree,UnityEngine.RenderTexture,UnityEngine.RectInt,UnityEngine.Rect) (at /Users/bokken/build/output/unity/unity/Modules/UIElements/Core/Renderer/UIRRenderTreeManager.cs:606)
UnityEngine.UIElements.UIR.RenderTreeManager:RenderRootTree () (at /Users/bokken/build/output/unity/unity/Modules/UIElements/Core/Renderer/UIRRenderTreeManager.cs:551)
UnityEngine.UIElements.UIRRepaintUpdater:Render () (at /Users/bokken/build/output/unity/unity/Modules/UIElements/Core/Renderer/UIRRepaintUpdater.cs:160)
UnityEngine.UIElements.BaseVisualElementPanel:Render () (at /Users/bokken/build/output/unity/unity/Modules/UIElements/Core/Panel.cs:1032)
UnityEngine.UIElements.Panel:Render () (at /Users/bokken/build/output/unity/unity/Modules/UIElements/Core/Panel.cs:1843)
UnityEditor.UIElements.EditorEventDispatchUtility:DoDispatch (UnityEngine.UIElements.BaseVisualElementPanel,UnityEngine.Event) (at /Users/bokken/build/output/unity/unity/Modules/UIElementsEditor/EditorEventDispatchUtility.cs:62)
UnityEditor.UIElements.DefaultWindowBackend:ProcessEvent (UnityEngine.Event) (at /Users/bokken/build/output/unity/unity/Modules/UIElementsEditor/WindowBackends/DefaultWindowBackend.cs:114)
UnityEditor.GUIView:ProcessEvent (UnityEngine.EntityId,intptr,bool&) (at /Users/bokken/build/output/unity/unity/Editor/Mono/GUIView.cs:70)

[/Users/bokken/build/output/unity/unity/Runtime/Export/Scripting/StackTrace.cs line 23]

Quaternion To Matrix conversion failed because input Quaternion is invalid {0.469500, 0.000000, 0.000000, 0.882900} l=0.999943
UnityEngine.Debug:ExtractStackTraceNoAlloc (byte*,int,string)
UnityEngine.StackTraceUtility:ExtractStackTrace () (at /Users/bokken/build/output/unity/unity/Runtime/Export/Scripting/StackTrace.cs:23)
UnityEngine.Matrix4x4:Internal_TRS (UnityEngine.Vector3&,UnityEngine.Quaternion&,UnityEngine.Vector3&)
UnityEditor.Handles:DoPositionHandle_Internal (UnityEditor.Handles/PositionHandleIds,UnityEngine.Vector3,UnityEngine.Quaternion,UnityEditor.Handles/PositionHandleParam) (at /Users/bokken/build/output/unity/unity/Editor/Mono/Handles/PositionHandle.cs:245)
UnityEditor.Handles:DoPositionHandle (UnityEditor.Handles/PositionHandleIds,UnityEngine.Vector3,UnityEngine.Quaternion) (at /Users/bokken/build/output/unity/unity/Editor/Mono/Handles/PositionHandle.cs:226)
UnityEditor.Handles:DoPositionHandle (UnityEngine.Vector3,UnityEngine.Quaternion) (at /Users/bokken/build/output/unity/unity/Editor/Mono/Handles/PositionHandle.cs:179)
UnityEditor.Handles:PositionHandle (UnityEngine.Vector3,UnityEngine.Quaternion) (at /Users/bokken/build/output/unity/unity/Editor/Mono/Handles/Handles.cs:876)
UnityEditor.MoveTool:ToolGUI (UnityEditor.SceneView,UnityEngine.Vector3,bool) (at /Users/bokken/build/output/unity/unity/Editor/Mono/Tools/BuiltinTools.cs:316)
UnityEditor.ManipulationTool`1<UnityEditor.MoveTool>:OnToolGUI (UnityEditor.EditorWindow) (at /Users/bokken/build/output/unity/unity/Editor/Mono/Tools/BuiltinTools.cs:52)
UnityEditor.EditorTools.EditorToolManager/EditorToolState:OnToolGUI (UnityEditor.EditorWindow) (at /Users/bokken/build/output/unity/unity/Editor/Mono/Tools/EditorToolManager.cs:454)
UnityEditor.EditorTools.EditorToolManager:OnToolGUI (UnityEditor.EditorWindow) (at /Users/bokken/build/output/unity/unity/Editor/Mono/Tools/EditorToolManager.cs:1099)
UnityEditor.SceneView:DefaultHandles () (at /Users/bokken/build/output/unity/unity/Editor/Mono/SceneView/SceneView.cs:3861)
UnityEditor.SceneView:DoOnGUI () (at /Users/bokken/build/output/unity/unity/Editor/Mono/SceneView/SceneView.cs:2960)
UnityEditor.SceneView:OnSceneGUI () (at /Users/bokken/build/output/unity/unity/Editor/Mono/SceneView/SceneView.cs:2799)
UnityEngine.UIElements.IMGUIContainer:DoOnGUI (UnityEngine.Event,UnityEngine.Matrix4x4,UnityEngine.Rect,bool,UnityEngine.Rect,System.Action,bool) (at /Users/bokken/build/output/unity/unity/Modules/UIElements/Core/IMGUIContainer.cs:387)
UnityEngine.UIElements.IMGUIContainer:HandleIMGUIEvent (UnityEngine.Event,UnityEngine.Matrix4x4,UnityEngine.Rect,System.Action,bool) (at /Users/bokken/build/output/unity/unity/Modules/UIElements/Core/IMGUIContainer.cs:705)
UnityEngine.UIElements.IMGUIContainer:DoIMGUIRepaint () (at /Users/bokken/build/output/unity/unity/Modules/UIElements/Core/IMGUIContainer.cs:573)
UnityEngine.UIElements.UIR.RenderChainCommand:ExecuteNonDrawMesh (UnityEngine.UIElements.UIR.DrawParams,System.Exception&) (at /Users/bokken/build/output/unity/unity/Modules/UIElements/Core/Renderer/UIRenderer/UIRenderers.cs:186)
UnityEngine.UIElements.UIR.UIRenderDevice:EvaluateChain (UnityEngine.UIElements.UIR.RenderChainCommand,UnityEngine.Material,UnityEngine.Texture,UnityEngine.UIElements.UIR.ShaderInfoAllocator,System.Nullable`1<UnityEngine.Rect>,UnityEngine.Rect,single,bool,UnityEngine.UIElements.TextureSlotCount,bool,System.Exception&,UnityEngine.UIElements.BaseVisualElementPanel) (at /Users/bokken/build/output/unity/unity/Modules/UIElements/Core/Renderer/UIRenderer/UIRenderDevice.cs:983)
UnityEngine.UIElements.UIR.RenderTreeManager:RenderSingleTree (UnityEngine.UIElements.UIR.RenderTree,UnityEngine.RenderTexture,UnityEngine.RectInt,UnityEngine.Rect) (at /Users/bokken/build/output/unity/unity/Modules/UIElements/Core/Renderer/UIRRenderTreeManager.cs:606)
UnityEngine.UIElements.UIR.RenderTreeManager:RenderRootTree () (at /Users/bokken/build/output/unity/unity/Modules/UIElements/Core/Renderer/UIRRenderTreeManager.cs:551)
UnityEngine.UIElements.UIRRepaintUpdater:Render () (at /Users/bokken/build/output/unity/unity/Modules/UIElements/Core/Renderer/UIRRepaintUpdater.cs:160)
UnityEngine.UIElements.BaseVisualElementPanel:Render () (at /Users/bokken/build/output/unity/unity/Modules/UIElements/Core/Panel.cs:1032)
UnityEngine.UIElements.Panel:Render () (at /Users/bokken/build/output/unity/unity/Modules/UIElements/Core/Panel.cs:1843)
UnityEditor.UIElements.EditorEventDispatchUtility:DoDispatch (UnityEngine.UIElements.BaseVisualElementPanel,UnityEngine.Event) (at /Users/bokken/build/output/unity/unity/Modules/UIElementsEditor/EditorEventDispatchUtility.cs:62)
UnityEditor.UIElements.DefaultWindowBackend:ProcessEvent (UnityEngine.Event) (at /Users/bokken/build/output/unity/unity/Modules/UIElementsEditor/WindowBackends/DefaultWindowBackend.cs:114)
UnityEditor.GUIView:ProcessEvent (UnityEngine.EntityId,intptr,bool&) (at /Users/bokken/build/output/unity/unity/Editor/Mono/GUIView.cs:70)

[/Users/bokken/build/output/unity/unity/Runtime/Export/Scripting/StackTrace.cs line 23]

Quaternion To Matrix conversion failed because input Quaternion is invalid {0.469500, 0.000000, 0.000000, 0.882900} l=0.999943
UnityEngine.Debug:ExtractStackTraceNoAlloc (byte*,int,string)
UnityEngine.StackTraceUtility:ExtractStackTrace () (at /Users/bokken/build/output/unity/unity/Runtime/Export/Scripting/StackTrace.cs:23)
UnityEngine.Matrix4x4:Internal_TRS (UnityEngine.Vector3&,UnityEngine.Quaternion&,UnityEngine.Vector3&)
UnityEditor.Handles:DoPositionHandle_Internal (UnityEditor.Handles/PositionHandleIds,UnityEngine.Vector3,UnityEngine.Quaternion,UnityEditor.Handles/PositionHandleParam) (at /Users/bokken/build/output/unity/unity/Editor/Mono/Handles/PositionHandle.cs:245)
UnityEditor.Handles:DoPositionHandle (UnityEditor.Handles/PositionHandleIds,UnityEngine.Vector3,UnityEngine.Quaternion) (at /Users/bokken/build/output/unity/unity/Editor/Mono/Handles/PositionHandle.cs:226)
UnityEditor.Handles:DoPositionHandle (UnityEngine.Vector3,UnityEngine.Quaternion) (at /Users/bokken/build/output/unity/unity/Editor/Mono/Handles/PositionHandle.cs:179)
UnityEditor.Handles:PositionHandle (UnityEngine.Vector3,UnityEngine.Quaternion) (at /Users/bokken/build/output/unity/unity/Editor/Mono/Handles/Handles.cs:876)
UnityEditor.MoveTool:ToolGUI (UnityEditor.SceneView,UnityEngine.Vector3,bool) (at /Users/bokken/build/output/unity/unity/Editor/Mono/Tools/BuiltinTools.cs:316)
UnityEditor.ManipulationTool`1<UnityEditor.MoveTool>:OnToolGUI (UnityEditor.EditorWindow) (at /Users/bokken/build/output/unity/unity/Editor/Mono/Tools/BuiltinTools.cs:52)
UnityEditor.EditorTools.EditorToolManager/EditorToolState:OnToolGUI (UnityEditor.EditorWindow) (at /Users/bokken/build/output/unity/unity/Editor/Mono/Tools/EditorToolManager.cs:454)
UnityEditor.EditorTools.EditorToolManager:OnToolGUI (UnityEditor.EditorWindow) (at /Users/bokken/build/output/unity/unity/Editor/Mono/Tools/EditorToolManager.cs:1099)
UnityEditor.SceneView:DefaultHandles () (at /Users/bokken/build/output/unity/unity/Editor/Mono/SceneView/SceneView.cs:3861)
UnityEditor.SceneView:DoOnGUI () (at /Users/bokken/build/output/unity/unity/Editor/Mono/SceneView/SceneView.cs:2960)
UnityEditor.SceneView:OnSceneGUI () (at /Users/bokken/build/output/unity/unity/Editor/Mono/SceneView/SceneView.cs:2799)
UnityEngine.UIElements.IMGUIContainer:DoOnGUI (UnityEngine.Event,UnityEngine.Matrix4x4,UnityEngine.Rect,bool,UnityEngine.Rect,System.Action,bool) (at /Users/bokken/build/output/unity/unity/Modules/UIElements/Core/IMGUIContainer.cs:387)
UnityEngine.UIElements.IMGUIContainer:HandleIMGUIEvent (UnityEngine.Event,UnityEngine.Matrix4x4,UnityEngine.Rect,System.Action,bool) (at /Users/bokken/build/output/unity/unity/Modules/UIElements/Core/IMGUIContainer.cs:716)
UnityEngine.UIElements.IMGUIContainer:DoIMGUIRepaint () (at /Users/bokken/build/output/unity/unity/Modules/UIElements/Core/IMGUIContainer.cs:573)
UnityEngine.UIElements.UIR.RenderChainCommand:ExecuteNonDrawMesh (UnityEngine.UIElements.UIR.DrawParams,System.Exception&) (at /Users/bokken/build/output/unity/unity/Modules/UIElements/Core/Renderer/UIRenderer/UIRenderers.cs:186)
UnityEngine.UIElements.UIR.UIRenderDevice:EvaluateChain (UnityEngine.UIElements.UIR.RenderChainCommand,UnityEngine.Material,UnityEngine.Texture,UnityEngine.UIElements.UIR.ShaderInfoAllocator,System.Nullable`1<UnityEngine.Rect>,UnityEngine.Rect,single,bool,UnityEngine.UIElements.TextureSlotCount,bool,System.Exception&,UnityEngine.UIElements.BaseVisualElementPanel) (at /Users/bokken/build/output/unity/unity/Modules/UIElements/Core/Renderer/UIRenderer/UIRenderDevice.cs:983)
UnityEngine.UIElements.UIR.RenderTreeManager:RenderSingleTree (UnityEngine.UIElements.UIR.RenderTree,UnityEngine.RenderTexture,UnityEngine.RectInt,UnityEngine.Rect) (at /Users/bokken/build/output/unity/unity/Modules/UIElements/Core/Renderer/UIRRenderTreeManager.cs:606)
UnityEngine.UIElements.UIR.RenderTreeManager:RenderRootTree () (at /Users/bokken/build/output/unity/unity/Modules/UIElements/Core/Renderer/UIRRenderTreeManager.cs:551)
UnityEngine.UIElements.UIRRepaintUpdater:Render () (at /Users/bokken/build/output/unity/unity/Modules/UIElements/Core/Renderer/UIRRepaintUpdater.cs:160)
UnityEngine.UIElements.BaseVisualElementPanel:Render () (at /Users/bokken/build/output/unity/unity/Modules/UIElements/Core/Panel.cs:1032)
UnityEngine.UIElements.Panel:Render () (at /Users/bokken/build/output/unity/unity/Modules/UIElements/Core/Panel.cs:1843)
UnityEditor.UIElements.EditorEventDispatchUtility:DoDispatch (UnityEngine.UIElements.BaseVisualElementPanel,UnityEngine.Event) (at /Users/bokken/build/output/unity/unity/Modules/UIElementsEditor/EditorEventDispatchUtility.cs:62)
UnityEditor.UIElements.DefaultWindowBackend:ProcessEvent (UnityEngine.Event) (at /Users/bokken/build/output/unity/unity/Modules/UIElementsEditor/WindowBackends/DefaultWindowBackend.cs:114)
UnityEditor.GUIView:ProcessEvent (UnityEngine.EntityId,intptr,bool&) (at /Users/bokken/build/output/unity/unity/Editor/Mono/GUIView.cs:70)

[/Users/bokken/build/output/unity/unity/Runtime/Export/Scripting/StackTrace.cs line 23]

Quaternion To Matrix conversion failed because input Quaternion is invalid {0.469500, 0.000000, 0.000000, 0.882900} l=0.999943
UnityEngine.Debug:ExtractStackTraceNoAlloc (byte*,int,string)
UnityEngine.StackTraceUtility:ExtractStackTrace () (at /Users/bokken/build/output/unity/unity/Runtime/Export/Scripting/StackTrace.cs:23)
UnityEngine.Matrix4x4:Internal_TRS (UnityEngine.Vector3&,UnityEngine.Quaternion&,UnityEngine.Vector3&)
UnityEditor.Handles:DoPositionHandle_Internal (UnityEditor.Handles/PositionHandleIds,UnityEngine.Vector3,UnityEngine.Quaternion,UnityEditor.Handles/PositionHandleParam) (at /Users/bokken/build/output/unity/unity/Editor/Mono/Handles/PositionHandle.cs:245)
UnityEditor.Handles:DoPositionHandle (UnityEditor.Handles/PositionHandleIds,UnityEngine.Vector3,UnityEngine.Quaternion) (at /Users/bokken/build/output/unity/unity/Editor/Mono/Handles/PositionHandle.cs:226)
UnityEditor.Handles:DoPositionHandle (UnityEngine.Vector3,UnityEngine.Quaternion) (at /Users/bokken/build/output/unity/unity/Editor/Mono/Handles/PositionHandle.cs:179)
UnityEditor.Handles:PositionHandle (UnityEngine.Vector3,UnityEngine.Quaternion) (at /Users/bokken/build/output/unity/unity/Editor/Mono/Handles/Handles.cs:876)
UnityEditor.MoveTool:ToolGUI (UnityEditor.SceneView,UnityEngine.Vector3,bool) (at /Users/bokken/build/output/unity/unity/Editor/Mono/Tools/BuiltinTools.cs:316)
UnityEditor.ManipulationTool`1<UnityEditor.MoveTool>:OnToolGUI (UnityEditor.EditorWindow) (at /Users/bokken/build/output/unity/unity/Editor/Mono/Tools/BuiltinTools.cs:52)
UnityEditor.EditorTools.EditorToolManager/EditorToolState:OnToolGUI (UnityEditor.EditorWindow) (at /Users/bokken/build/output/unity/unity/Editor/Mono/Tools/EditorToolManager.cs:454)
UnityEditor.EditorTools.EditorToolManager:OnToolGUI (UnityEditor.EditorWindow) (at /Users/bokken/build/output/unity/unity/Editor/Mono/Tools/EditorToolManager.cs:1099)
UnityEditor.SceneView:DefaultHandles () (at /Users/bokken/build/output/unity/unity/Editor/Mono/SceneView/SceneView.cs:3861)
UnityEditor.SceneView:DoOnGUI () (at /Users/bokken/build/output/unity/unity/Editor/Mono/SceneView/SceneView.cs:2960)
UnityEditor.SceneView:OnSceneGUI () (at /Users/bokken/build/output/unity/unity/Editor/Mono/SceneView/SceneView.cs:2799)
UnityEngine.UIElements.IMGUIContainer:DoOnGUI (UnityEngine.Event,UnityEngine.Matrix4x4,UnityEngine.Rect,bool,UnityEngine.Rect,System.Action,bool) (at /Users/bokken/build/output/unity/unity/Modules/UIElements/Core/IMGUIContainer.cs:387)
UnityEngine.UIElements.IMGUIContainer:HandleIMGUIEvent (UnityEngine.Event,UnityEngine.Matrix4x4,UnityEngine.Rect,System.Action,bool) (at /Users/bokken/build/output/unity/unity/Modules/UIElements/Core/IMGUIContainer.cs:705)
UnityEngine.UIElements.IMGUIContainer:DoIMGUIRepaint () (at /Users/bokken/build/output/unity/unity/Modules/UIElements/Core/IMGUIContainer.cs:573)
UnityEngine.UIElements.UIR.RenderChainCommand:ExecuteNonDrawMesh (UnityEngine.UIElements.UIR.DrawParams,System.Exception&) (at /Users/bokken/build/output/unity/unity/Modules/UIElements/Core/Renderer/UIRenderer/UIRenderers.cs:186)
UnityEngine.UIElements.UIR.UIRenderDevice:EvaluateChain (UnityEngine.UIElements.UIR.RenderChainCommand,UnityEngine.Material,UnityEngine.Texture,UnityEngine.UIElements.UIR.ShaderInfoAllocator,System.Nullable`1<UnityEngine.Rect>,UnityEngine.Rect,single,bool,UnityEngine.UIElements.TextureSlotCount,bool,System.Exception&,UnityEngine.UIElements.BaseVisualElementPanel) (at /Users/bokken/build/output/unity/unity/Modules/UIElements/Core/Renderer/UIRenderer/UIRenderDevice.cs:983)
UnityEngine.UIElements.UIR.RenderTreeManager:RenderSingleTree (UnityEngine.UIElements.UIR.RenderTree,UnityEngine.RenderTexture,UnityEngine.RectInt,UnityEngine.Rect) (at /Users/bokken/build/output/unity/unity/Modules/UIElements/Core/Renderer/UIRRenderTreeManager.cs:606)
UnityEngine.UIElements.UIR.RenderTreeManager:RenderRootTree () (at /Users/bokken/build/output/unity/unity/Modules/UIElements/Core/Renderer/UIRRenderTreeManager.cs:551)
UnityEngine.UIElements.UIRRepaintUpdater:Render () (at /Users/bokken/build/output/unity/unity/Modules/UIElements/Core/Renderer/UIRRepaintUpdater.cs:160)
UnityEngine.UIElements.BaseVisualElementPanel:Render () (at /Users/bokken/build/output/unity/unity/Modules/UIElements/Core/Panel.cs:1032)
UnityEngine.UIElements.Panel:Render () (at /Users/bokken/build/output/unity/unity/Modules/UIElements/Core/Panel.cs:1843)
UnityEditor.UIElements.EditorEventDispatchUtility:DoDispatch (UnityEngine.UIElements.BaseVisualElementPanel,UnityEngine.Event) (at /Users/bokken/build/output/unity/unity/Modules/UIElementsEditor/EditorEventDispatchUtility.cs:62)
UnityEditor.UIElements.DefaultWindowBackend:ProcessEvent (UnityEngine.Event) (at /Users/bokken/build/output/unity/unity/Modules/UIElementsEditor/WindowBackends/DefaultWindowBackend.cs:114)
UnityEditor.GUIView:ProcessEvent (UnityEngine.EntityId,intptr,bool&) (at /Users/bokken/build/output/unity/unity/Editor/Mono/GUIView.cs:70)

[/Users/bokken/build/output/unity/unity/Runtime/Export/Scripting/StackTrace.cs line 23]

Quaternion To Matrix conversion failed because input Quaternion is invalid {0.469500, 0.000000, 0.000000, 0.882900} l=0.999943
UnityEngine.Debug:ExtractStackTraceNoAlloc (byte*,int,string)
UnityEngine.StackTraceUtility:ExtractStackTrace () (at /Users/bokken/build/output/unity/unity/Runtime/Export/Scripting/StackTrace.cs:23)
UnityEngine.Matrix4x4:Internal_TRS (UnityEngine.Vector3&,UnityEngine.Quaternion&,UnityEngine.Vector3&)
UnityEditor.Handles:DoPositionHandle_Internal (UnityEditor.Handles/PositionHandleIds,UnityEngine.Vector3,UnityEngine.Quaternion,UnityEditor.Handles/PositionHandleParam) (at /Users/bokken/build/output/unity/unity/Editor/Mono/Handles/PositionHandle.cs:245)
UnityEditor.Handles:DoPositionHandle (UnityEditor.Handles/PositionHandleIds,UnityEngine.Vector3,UnityEngine.Quaternion) (at /Users/bokken/build/output/unity/unity/Editor/Mono/Handles/PositionHandle.cs:226)
UnityEditor.Handles:DoPositionHandle (UnityEngine.Vector3,UnityEngine.Quaternion) (at /Users/bokken/build/output/unity/unity/Editor/Mono/Handles/PositionHandle.cs:179)
UnityEditor.Handles:PositionHandle (UnityEngine.Vector3,UnityEngine.Quaternion) (at /Users/bokken/build/output/unity/unity/Editor/Mono/Handles/Handles.cs:876)
UnityEditor.MoveTool:ToolGUI (UnityEditor.SceneView,UnityEngine.Vector3,bool) (at /Users/bokken/build/output/unity/unity/Editor/Mono/Tools/BuiltinTools.cs:316)
UnityEditor.ManipulationTool`1<UnityEditor.MoveTool>:OnToolGUI (UnityEditor.EditorWindow) (at /Users/bokken/build/output/unity/unity/Editor/Mono/Tools/BuiltinTools.cs:52)
UnityEditor.EditorTools.EditorToolManager/EditorToolState:OnToolGUI (UnityEditor.EditorWindow) (at /Users/bokken/build/output/unity/unity/Editor/Mono/Tools/EditorToolManager.cs:454)
UnityEditor.EditorTools.EditorToolManager:OnToolGUI (UnityEditor.EditorWindow) (at /Users/bokken/build/output/unity/unity/Editor/Mono/Tools/EditorToolManager.cs:1099)
UnityEditor.SceneView:DefaultHandles () (at /Users/bokken/build/output/unity/unity/Editor/Mono/SceneView/SceneView.cs:3861)
UnityEditor.SceneView:DoOnGUI () (at /Users/bokken/build/output/unity/unity/Editor/Mono/SceneView/SceneView.cs:2960)
UnityEditor.SceneView:OnSceneGUI () (at /Users/bokken/build/output/unity/unity/Editor/Mono/SceneView/SceneView.cs:2799)
UnityEngine.UIElements.IMGUIContainer:DoOnGUI (UnityEngine.Event,UnityEngine.Matrix4x4,UnityEngine.Rect,bool,UnityEngine.Rect,System.Action,bool) (at /Users/bokken/build/output/unity/unity/Modules/UIElements/Core/IMGUIContainer.cs:387)
UnityEngine.UIElements.IMGUIContainer:HandleIMGUIEvent (UnityEngine.Event,UnityEngine.Matrix4x4,UnityEngine.Rect,System.Action,bool) (at /Users/bokken/build/output/unity/unity/Modules/UIElements/Core/IMGUIContainer.cs:716)
UnityEngine.UIElements.IMGUIContainer:DoIMGUIRepaint () (at /Users/bokken/build/output/unity/unity/Modules/UIElements/Core/IMGUIContainer.cs:573)
UnityEngine.UIElements.UIR.RenderChainCommand:ExecuteNonDrawMesh (UnityEngine.UIElements.UIR.DrawParams,System.Exception&) (at /Users/bokken/build/output/unity/unity/Modules/UIElements/Core/Renderer/UIRenderer/UIRenderers.cs:186)
UnityEngine.UIElements.UIR.UIRenderDevice:EvaluateChain (UnityEngine.UIElements.UIR.RenderChainCommand,UnityEngine.Material,UnityEngine.Texture,UnityEngine.UIElements.UIR.ShaderInfoAllocator,System.Nullable`1<UnityEngine.Rect>,UnityEngine.Rect,single,bool,UnityEngine.UIElements.TextureSlotCount,bool,System.Exception&,UnityEngine.UIElements.BaseVisualElementPanel) (at /Users/bokken/build/output/unity/unity/Modules/UIElements/Core/Renderer/UIRenderer/UIRenderDevice.cs:983)
UnityEngine.UIElements.UIR.RenderTreeManager:RenderSingleTree (UnityEngine.UIElements.UIR.RenderTree,UnityEngine.RenderTexture,UnityEngine.RectInt,UnityEngine.Rect) (at /Users/bokken/build/output/unity/unity/Modules/UIElements/Core/Renderer/UIRRenderTreeManager.cs:606)
UnityEngine.UIElements.UIR.RenderTreeManager:RenderRootTree () (at /Users/bokken/build/output/unity/unity/Modules/UIElements/Core/Renderer/UIRRenderTreeManager.cs:551)
UnityEngine.UIElements.UIRRepaintUpdater:Render () (at /Users/bokken/build/output/unity/unity/Modules/UIElements/Core/Renderer/UIRRepaintUpdater.cs:160)
UnityEngine.UIElements.BaseVisualElementPanel:Render () (at /Users/bokken/build/output/unity/unity/Modules/UIElements/Core/Panel.cs:1032)
UnityEngine.UIElements.Panel:Render () (at /Users/bokken/build/output/unity/unity/Modules/UIElements/Core/Panel.cs:1843)
UnityEditor.UIElements.EditorEventDispatchUtility:DoDispatch (UnityEngine.UIElements.BaseVisualElementPanel,UnityEngine.Event) (at /Users/bokken/build/output/unity/unity/Modules/UIElementsEditor/EditorEventDispatchUtility.cs:62)
UnityEditor.UIElements.DefaultWindowBackend:ProcessEvent (UnityEngine.Event) (at /Users/bokken/build/output/unity/unity/Modules/UIElementsEditor/WindowBackends/DefaultWindowBackend.cs:114)
UnityEditor.GUIView:ProcessEvent (UnityEngine.EntityId,intptr,bool&) (at /Users/bokken/build/output/unity/unity/Editor/Mono/GUIView.cs:70)

[/Users/bokken/build/output/unity/unity/Runtime/Export/Scripting/StackTrace.cs line 23]

Quaternion To Matrix conversion failed because input Quaternion is invalid {0.469500, 0.000000, 0.000000, 0.882900} l=0.999943
UnityEngine.Debug:ExtractStackTraceNoAlloc (byte*,int,string)
UnityEngine.StackTraceUtility:ExtractStackTrace () (at /Users/bokken/build/output/unity/unity/Runtime/Export/Scripting/StackTrace.cs:23)
UnityEngine.Matrix4x4:Internal_TRS (UnityEngine.Vector3&,UnityEngine.Quaternion&,UnityEngine.Vector3&)
UnityEditor.Handles:DoPositionHandle_Internal (UnityEditor.Handles/PositionHandleIds,UnityEngine.Vector3,UnityEngine.Quaternion,UnityEditor.Handles/PositionHandleParam) (at /Users/bokken/build/output/unity/unity/Editor/Mono/Handles/PositionHandle.cs:245)
UnityEditor.Handles:DoPositionHandle (UnityEditor.Handles/PositionHandleIds,UnityEngine.Vector3,UnityEngine.Quaternion) (at /Users/bokken/build/output/unity/unity/Editor/Mono/Handles/PositionHandle.cs:226)
UnityEditor.Handles:DoPositionHandle (UnityEngine.Vector3,UnityEngine.Quaternion) (at /Users/bokken/build/output/unity/unity/Editor/Mono/Handles/PositionHandle.cs:179)
UnityEditor.Handles:PositionHandle (UnityEngine.Vector3,UnityEngine.Quaternion) (at /Users/bokken/build/output/unity/unity/Editor/Mono/Handles/Handles.cs:876)
UnityEditor.MoveTool:ToolGUI (UnityEditor.SceneView,UnityEngine.Vector3,bool) (at /Users/bokken/build/output/unity/unity/Editor/Mono/Tools/BuiltinTools.cs:316)
UnityEditor.ManipulationTool`1<UnityEditor.MoveTool>:OnToolGUI (UnityEditor.EditorWindow) (at /Users/bokken/build/output/unity/unity/Editor/Mono/Tools/BuiltinTools.cs:52)
UnityEditor.EditorTools.EditorToolManager/EditorToolState:OnToolGUI (UnityEditor.EditorWindow) (at /Users/bokken/build/output/unity/unity/Editor/Mono/Tools/EditorToolManager.cs:454)
UnityEditor.EditorTools.EditorToolManager:OnToolGUI (UnityEditor.EditorWindow) (at /Users/bokken/build/output/unity/unity/Editor/Mono/Tools/EditorToolManager.cs:1099)
UnityEditor.SceneView:DefaultHandles () (at /Users/bokken/build/output/unity/unity/Editor/Mono/SceneView/SceneView.cs:3861)
UnityEditor.SceneView:DoOnGUI () (at /Users/bokken/build/output/unity/unity/Editor/Mono/SceneView/SceneView.cs:2960)
UnityEditor.SceneView:OnSceneGUI () (at /Users/bokken/build/output/unity/unity/Editor/Mono/SceneView/SceneView.cs:2799)
UnityEngine.UIElements.IMGUIContainer:DoOnGUI (UnityEngine.Event,UnityEngine.Matrix4x4,UnityEngine.Rect,bool,UnityEngine.Rect,System.Action,bool) (at /Users/bokken/build/output/unity/unity/Modules/UIElements/Core/IMGUIContainer.cs:387)
UnityEngine.UIElements.IMGUIContainer:HandleIMGUIEvent (UnityEngine.Event,UnityEngine.Matrix4x4,UnityEngine.Rect,System.Action,bool) (at /Users/bokken/build/output/unity/unity/Modules/UIElements/Core/IMGUIContainer.cs:705)
UnityEngine.UIElements.IMGUIContainer:DoIMGUIRepaint () (at /Users/bokken/build/output/unity/unity/Modules/UIElements/Core/IMGUIContainer.cs:573)
UnityEngine.UIElements.UIR.RenderChainCommand:ExecuteNonDrawMesh (UnityEngine.UIElements.UIR.DrawParams,System.Exception&) (at /Users/bokken/build/output/unity/unity/Modules/UIElements/Core/Renderer/UIRenderer/UIRenderers.cs:186)
UnityEngine.UIElements.UIR.UIRenderDevice:EvaluateChain (UnityEngine.UIElements.UIR.RenderChainCommand,UnityEngine.Material,UnityEngine.Texture,UnityEngine.UIElements.UIR.ShaderInfoAllocator,System.Nullable`1<UnityEngine.Rect>,UnityEngine.Rect,single,bool,UnityEngine.UIElements.TextureSlotCount,bool,System.Exception&,UnityEngine.UIElements.BaseVisualElementPanel) (at /Users/bokken/build/output/unity/unity/Modules/UIElements/Core/Renderer/UIRenderer/UIRenderDevice.cs:983)
UnityEngine.UIElements.UIR.RenderTreeManager:RenderSingleTree (UnityEngine.UIElements.UIR.RenderTree,UnityEngine.RenderTexture,UnityEngine.RectInt,UnityEngine.Rect) (at /Users/bokken/build/output/unity/unity/Modules/UIElements/Core/Renderer/UIRRenderTreeManager.cs:606)
UnityEngine.UIElements.UIR.RenderTreeManager:RenderRootTree () (at /Users/bokken/build/output/unity/unity/Modules/UIElements/Core/Renderer/UIRRenderTreeManager.cs:551)
UnityEngine.UIElements.UIRRepaintUpdater:Render () (at /Users/bokken/build/output/unity/unity/Modules/UIElements/Core/Renderer/UIRRepaintUpdater.cs:160)
UnityEngine.UIElements.BaseVisualElementPanel:Render () (at /Users/bokken/build/output/unity/unity/Modules/UIElements/Core/Panel.cs:1032)
UnityEngine.UIElements.Panel:Render () (at /Users/bokken/build/output/unity/unity/Modules/UIElements/Core/Panel.cs:1843)
UnityEditor.UIElements.EditorEventDispatchUtility:DoDispatch (UnityEngine.UIElements.BaseVisualElementPanel,UnityEngine.Event) (at /Users/bokken/build/output/unity/unity/Modules/UIElementsEditor/EditorEventDispatchUtility.cs:62)
UnityEditor.UIElements.DefaultWindowBackend:ProcessEvent (UnityEngine.Event) (at /Users/bokken/build/output/unity/unity/Modules/UIElementsEditor/WindowBackends/DefaultWindowBackend.cs:114)
UnityEditor.GUIView:ProcessEvent (UnityEngine.EntityId,intptr,bool&) (at /Users/bokken/build/output/unity/unity/Editor/Mono/GUIView.cs:70)

[/Users/bokken/build/output/unity/unity/Runtime/Export/Scripting/StackTrace.cs line 23]

Quaternion To Matrix conversion failed because input Quaternion is invalid {0.469500, 0.000000, 0.000000, 0.882900} l=0.999943
UnityEngine.Debug:ExtractStackTraceNoAlloc (byte*,int,string)
UnityEngine.StackTraceUtility:ExtractStackTrace () (at /Users/bokken/build/output/unity/unity/Runtime/Export/Scripting/StackTrace.cs:23)
UnityEngine.Matrix4x4:Internal_TRS (UnityEngine.Vector3&,UnityEngine.Quaternion&,UnityEngine.Vector3&)
UnityEditor.Handles:DoPositionHandle_Internal (UnityEditor.Handles/PositionHandleIds,UnityEngine.Vector3,UnityEngine.Quaternion,UnityEditor.Handles/PositionHandleParam) (at /Users/bokken/build/output/unity/unity/Editor/Mono/Handles/PositionHandle.cs:245)
UnityEditor.Handles:DoPositionHandle (UnityEditor.Handles/PositionHandleIds,UnityEngine.Vector3,UnityEngine.Quaternion) (at /Users/bokken/build/output/unity/unity/Editor/Mono/Handles/PositionHandle.cs:226)
UnityEditor.Handles:DoPositionHandle (UnityEngine.Vector3,UnityEngine.Quaternion) (at /Users/bokken/build/output/unity/unity/Editor/Mono/Handles/PositionHandle.cs:179)
UnityEditor.Handles:PositionHandle (UnityEngine.Vector3,UnityEngine.Quaternion) (at /Users/bokken/build/output/unity/unity/Editor/Mono/Handles/Handles.cs:876)
UnityEditor.MoveTool:ToolGUI (UnityEditor.SceneView,UnityEngine.Vector3,bool) (at /Users/bokken/build/output/unity/unity/Editor/Mono/Tools/BuiltinTools.cs:316)
UnityEditor.ManipulationTool`1<UnityEditor.MoveTool>:OnToolGUI (UnityEditor.EditorWindow) (at /Users/bokken/build/output/unity/unity/Editor/Mono/Tools/BuiltinTools.cs:52)
UnityEditor.EditorTools.EditorToolManager/EditorToolState:OnToolGUI (UnityEditor.EditorWindow) (at /Users/bokken/build/output/unity/unity/Editor/Mono/Tools/EditorToolManager.cs:454)
UnityEditor.EditorTools.EditorToolManager:OnToolGUI (UnityEditor.EditorWindow) (at /Users/bokken/build/output/unity/unity/Editor/Mono/Tools/EditorToolManager.cs:1099)
UnityEditor.SceneView:DefaultHandles () (at /Users/bokken/build/output/unity/unity/Editor/Mono/SceneView/SceneView.cs:3861)
UnityEditor.SceneView:DoOnGUI () (at /Users/bokken/build/output/unity/unity/Editor/Mono/SceneView/SceneView.cs:2960)
UnityEditor.SceneView:OnSceneGUI () (at /Users/bokken/build/output/unity/unity/Editor/Mono/SceneView/SceneView.cs:2799)
UnityEngine.UIElements.IMGUIContainer:DoOnGUI (UnityEngine.Event,UnityEngine.Matrix4x4,UnityEngine.Rect,bool,UnityEngine.Rect,System.Action,bool) (at /Users/bokken/build/output/unity/unity/Modules/UIElements/Core/IMGUIContainer.cs:387)
UnityEngine.UIElements.IMGUIContainer:HandleIMGUIEvent (UnityEngine.Event,UnityEngine.Matrix4x4,UnityEngine.Rect,System.Action,bool) (at /Users/bokken/build/output/unity/unity/Modules/UIElements/Core/IMGUIContainer.cs:716)
UnityEngine.UIElements.IMGUIContainer:DoIMGUIRepaint () (at /Users/bokken/build/output/unity/unity/Modules/UIElements/Core/IMGUIContainer.cs:573)
UnityEngine.UIElements.UIR.RenderChainCommand:ExecuteNonDrawMesh (UnityEngine.UIElements.UIR.DrawParams,System.Exception&) (at /Users/bokken/build/output/unity/unity/Modules/UIElements/Core/Renderer/UIRenderer/UIRenderers.cs:186)
UnityEngine.UIElements.UIR.UIRenderDevice:EvaluateChain (UnityEngine.UIElements.UIR.RenderChainCommand,UnityEngine.Material,UnityEngine.Texture,UnityEngine.UIElements.UIR.ShaderInfoAllocator,System.Nullable`1<UnityEngine.Rect>,UnityEngine.Rect,single,bool,UnityEngine.UIElements.TextureSlotCount,bool,System.Exception&,UnityEngine.UIElements.BaseVisualElementPanel) (at /Users/bokken/build/output/unity/unity/Modules/UIElements/Core/Renderer/UIRenderer/UIRenderDevice.cs:983)
UnityEngine.UIElements.UIR.RenderTreeManager:RenderSingleTree (UnityEngine.UIElements.UIR.RenderTree,UnityEngine.RenderTexture,UnityEngine.RectInt,UnityEngine.Rect) (at /Users/bokken/build/output/unity/unity/Modules/UIElements/Core/Renderer/UIRRenderTreeManager.cs:606)
UnityEngine.UIElements.UIR.RenderTreeManager:RenderRootTree () (at /Users/bokken/build/output/unity/unity/Modules/UIElements/Core/Renderer/UIRRenderTreeManager.cs:551)
UnityEngine.UIElements.UIRRepaintUpdater:Render () (at /Users/bokken/build/output/unity/unity/Modules/UIElements/Core/Renderer/UIRRepaintUpdater.cs:160)
UnityEngine.UIElements.BaseVisualElementPanel:Render () (at /Users/bokken/build/output/unity/unity/Modules/UIElements/Core/Panel.cs:1032)
UnityEngine.UIElements.Panel:Render () (at /Users/bokken/build/output/unity/unity/Modules/UIElements/Core/Panel.cs:1843)
UnityEditor.UIElements.EditorEventDispatchUtility:DoDispatch (UnityEngine.UIElements.BaseVisualElementPanel,UnityEngine.Event) (at /Users/bokken/build/output/unity/unity/Modules/UIElementsEditor/EditorEventDispatchUtility.cs:62)
UnityEditor.UIElements.DefaultWindowBackend:ProcessEvent (UnityEngine.Event) (at /Users/bokken/build/output/unity/unity/Modules/UIElementsEditor/WindowBackends/DefaultWindowBackend.cs:114)
UnityEditor.GUIView:ProcessEvent (UnityEngine.EntityId,intptr,bool&) (at /Users/bokken/build/output/unity/unity/Editor/Mono/GUIView.cs:70)

[/Users/bokken/build/output/unity/unity/Runtime/Export/Scripting/StackTrace.cs line 23]

Quaternion To Matrix conversion failed because input Quaternion is invalid {0.469500, 0.000000, 0.000000, 0.882900} l=0.999943
UnityEngine.Debug:ExtractStackTraceNoAlloc (byte*,int,string)
UnityEngine.StackTraceUtility:ExtractStackTrace () (at /Users/bokken/build/output/unity/unity/Runtime/Export/Scripting/StackTrace.cs:23)
UnityEngine.Matrix4x4:Internal_TRS (UnityEngine.Vector3&,UnityEngine.Quaternion&,UnityEngine.Vector3&)
UnityEditor.Handles:DoPositionHandle_Internal (UnityEditor.Handles/PositionHandleIds,UnityEngine.Vector3,UnityEngine.Quaternion,UnityEditor.Handles/PositionHandleParam) (at /Users/bokken/build/output/unity/unity/Editor/Mono/Handles/PositionHandle.cs:245)
UnityEditor.Handles:DoPositionHandle (UnityEditor.Handles/PositionHandleIds,UnityEngine.Vector3,UnityEngine.Quaternion) (at /Users/bokken/build/output/unity/unity/Editor/Mono/Handles/PositionHandle.cs:226)
UnityEditor.Handles:DoPositionHandle (UnityEngine.Vector3,UnityEngine.Quaternion) (at /Users/bokken/build/output/unity/unity/Editor/Mono/Handles/PositionHandle.cs:179)
UnityEditor.Handles:PositionHandle (UnityEngine.Vector3,UnityEngine.Quaternion) (at /Users/bokken/build/output/unity/unity/Editor/Mono/Handles/Handles.cs:876)
UnityEditor.MoveTool:ToolGUI (UnityEditor.SceneView,UnityEngine.Vector3,bool) (at /Users/bokken/build/output/unity/unity/Editor/Mono/Tools/BuiltinTools.cs:316)
UnityEditor.ManipulationTool`1<UnityEditor.MoveTool>:OnToolGUI (UnityEditor.EditorWindow) (at /Users/bokken/build/output/unity/unity/Editor/Mono/Tools/BuiltinTools.cs:52)
UnityEditor.EditorTools.EditorToolManager/EditorToolState:OnToolGUI (UnityEditor.EditorWindow) (at /Users/bokken/build/output/unity/unity/Editor/Mono/Tools/EditorToolManager.cs:454)
UnityEditor.EditorTools.EditorToolManager:OnToolGUI (UnityEditor.EditorWindow) (at /Users/bokken/build/output/unity/unity/Editor/Mono/Tools/EditorToolManager.cs:1099)
UnityEditor.SceneView:DefaultHandles () (at /Users/bokken/build/output/unity/unity/Editor/Mono/SceneView/SceneView.cs:3861)
UnityEditor.SceneView:DoOnGUI () (at /Users/bokken/build/output/unity/unity/Editor/Mono/SceneView/SceneView.cs:2960)
UnityEditor.SceneView:OnSceneGUI () (at /Users/bokken/build/output/unity/unity/Editor/Mono/SceneView/SceneView.cs:2799)
UnityEngine.UIElements.IMGUIContainer:DoOnGUI (UnityEngine.Event,UnityEngine.Matrix4x4,UnityEngine.Rect,bool,UnityEngine.Rect,System.Action,bool) (at /Users/bokken/build/output/unity/unity/Modules/UIElements/Core/IMGUIContainer.cs:387)
UnityEngine.UIElements.IMGUIContainer:HandleIMGUIEvent (UnityEngine.Event,UnityEngine.Matrix4x4,UnityEngine.Rect,System.Action,bool) (at /Users/bokken/build/output/unity/unity/Modules/UIElements/Core/IMGUIContainer.cs:705)
UnityEngine.UIElements.IMGUIContainer:DoIMGUIRepaint () (at /Users/bokken/build/output/unity/unity/Modules/UIElements/Core/IMGUIContainer.cs:573)
UnityEngine.UIElements.UIR.RenderChainCommand:ExecuteNonDrawMesh (UnityEngine.UIElements.UIR.DrawParams,System.Exception&) (at /Users/bokken/build/output/unity/unity/Modules/UIElements/Core/Renderer/UIRenderer/UIRenderers.cs:186)
UnityEngine.UIElements.UIR.UIRenderDevice:EvaluateChain (UnityEngine.UIElements.UIR.RenderChainCommand,UnityEngine.Material,UnityEngine.Texture,UnityEngine.UIElements.UIR.ShaderInfoAllocator,System.Nullable`1<UnityEngine.Rect>,UnityEngine.Rect,single,bool,UnityEngine.UIElements.TextureSlotCount,bool,System.Exception&,UnityEngine.UIElements.BaseVisualElementPanel) (at /Users/bokken/build/output/unity/unity/Modules/UIElements/Core/Renderer/UIRenderer/UIRenderDevice.cs:983)
UnityEngine.UIElements.UIR.RenderTreeManager:RenderSingleTree (UnityEngine.UIElements.UIR.RenderTree,UnityEngine.RenderTexture,UnityEngine.RectInt,UnityEngine.Rect) (at /Users/bokken/build/output/unity/unity/Modules/UIElements/Core/Renderer/UIRRenderTreeManager.cs:606)
UnityEngine.UIElements.UIR.RenderTreeManager:RenderRootTree () (at /Users/bokken/build/output/unity/unity/Modules/UIElements/Core/Renderer/UIRRenderTreeManager.cs:551)
UnityEngine.UIElements.UIRRepaintUpdater:Render () (at /Users/bokken/build/output/unity/unity/Modules/UIElements/Core/Renderer/UIRRepaintUpdater.cs:160)
UnityEngine.UIElements.BaseVisualElementPanel:Render () (at /Users/bokken/build/output/unity/unity/Modules/UIElements/Core/Panel.cs:1032)
UnityEngine.UIElements.Panel:Render () (at /Users/bokken/build/output/unity/unity/Modules/UIElements/Core/Panel.cs:1843)
UnityEditor.UIElements.EditorEventDispatchUtility:DoDispatch (UnityEngine.UIElements.BaseVisualElementPanel,UnityEngine.Event) (at /Users/bokken/build/output/unity/unity/Modules/UIElementsEditor/EditorEventDispatchUtility.cs:62)
UnityEditor.UIElements.DefaultWindowBackend:ProcessEvent (UnityEngine.Event) (at /Users/bokken/build/output/unity/unity/Modules/UIElementsEditor/WindowBackends/DefaultWindowBackend.cs:114)
UnityEditor.GUIView:ProcessEvent (UnityEngine.EntityId,intptr,bool&) (at /Users/bokken/build/output/unity/unity/Editor/Mono/GUIView.cs:70)

[/Users/bokken/build/output/unity/unity/Runtime/Export/Scripting/StackTrace.cs line 23]

Quaternion To Matrix conversion failed because input Quaternion is invalid {0.469500, 0.000000, 0.000000, 0.882900} l=0.999943
UnityEngine.Debug:ExtractStackTraceNoAlloc (byte*,int,string)
UnityEngine.StackTraceUtility:ExtractStackTrace () (at /Users/bokken/build/output/unity/unity/Runtime/Export/Scripting/StackTrace.cs:23)
UnityEngine.Matrix4x4:Internal_TRS (UnityEngine.Vector3&,UnityEngine.Quaternion&,UnityEngine.Vector3&)
UnityEditor.Handles:DoPositionHandle_Internal (UnityEditor.Handles/PositionHandleIds,UnityEngine.Vector3,UnityEngine.Quaternion,UnityEditor.Handles/PositionHandleParam) (at /Users/bokken/build/output/unity/unity/Editor/Mono/Handles/PositionHandle.cs:245)
UnityEditor.Handles:DoPositionHandle (UnityEditor.Handles/PositionHandleIds,UnityEngine.Vector3,UnityEngine.Quaternion) (at /Users/bokken/build/output/unity/unity/Editor/Mono/Handles/PositionHandle.cs:226)
UnityEditor.Handles:DoPositionHandle (UnityEngine.Vector3,UnityEngine.Quaternion) (at /Users/bokken/build/output/unity/unity/Editor/Mono/Handles/PositionHandle.cs:179)
UnityEditor.Handles:PositionHandle (UnityEngine.Vector3,UnityEngine.Quaternion) (at /Users/bokken/build/output/unity/unity/Editor/Mono/Handles/Handles.cs:876)
UnityEditor.MoveTool:ToolGUI (UnityEditor.SceneView,UnityEngine.Vector3,bool) (at /Users/bokken/build/output/unity/unity/Editor/Mono/Tools/BuiltinTools.cs:316)
UnityEditor.ManipulationTool`1<UnityEditor.MoveTool>:OnToolGUI (UnityEditor.EditorWindow) (at /Users/bokken/build/output/unity/unity/Editor/Mono/Tools/BuiltinTools.cs:52)
UnityEditor.EditorTools.EditorToolManager/EditorToolState:OnToolGUI (UnityEditor.EditorWindow) (at /Users/bokken/build/output/unity/unity/Editor/Mono/Tools/EditorToolManager.cs:454)
UnityEditor.EditorTools.EditorToolManager:OnToolGUI (UnityEditor.EditorWindow) (at /Users/bokken/build/output/unity/unity/Editor/Mono/Tools/EditorToolManager.cs:1099)
UnityEditor.SceneView:DefaultHandles () (at /Users/bokken/build/output/unity/unity/Editor/Mono/SceneView/SceneView.cs:3861)
UnityEditor.SceneView:DoOnGUI () (at /Users/bokken/build/output/unity/unity/Editor/Mono/SceneView/SceneView.cs:2960)
UnityEditor.SceneView:OnSceneGUI () (at /Users/bokken/build/output/unity/unity/Editor/Mono/SceneView/SceneView.cs:2799)
UnityEngine.UIElements.IMGUIContainer:DoOnGUI (UnityEngine.Event,UnityEngine.Matrix4x4,UnityEngine.Rect,bool,UnityEngine.Rect,System.Action,bool) (at /Users/bokken/build/output/unity/unity/Modules/UIElements/Core/IMGUIContainer.cs:387)
UnityEngine.UIElements.IMGUIContainer:HandleIMGUIEvent (UnityEngine.Event,UnityEngine.Matrix4x4,UnityEngine.Rect,System.Action,bool) (at /Users/bokken/build/output/unity/unity/Modules/UIElements/Core/IMGUIContainer.cs:716)
UnityEngine.UIElements.IMGUIContainer:DoIMGUIRepaint () (at /Users/bokken/build/output/unity/unity/Modules/UIElements/Core/IMGUIContainer.cs:573)
UnityEngine.UIElements.UIR.RenderChainCommand:ExecuteNonDrawMesh (UnityEngine.UIElements.UIR.DrawParams,System.Exception&) (at /Users/bokken/build/output/unity/unity/Modules/UIElements/Core/Renderer/UIRenderer/UIRenderers.cs:186)
UnityEngine.UIElements.UIR.UIRenderDevice:EvaluateChain (UnityEngine.UIElements.UIR.RenderChainCommand,UnityEngine.Material,UnityEngine.Texture,UnityEngine.UIElements.UIR.ShaderInfoAllocator,System.Nullable`1<UnityEngine.Rect>,UnityEngine.Rect,single,bool,UnityEngine.UIElements.TextureSlotCount,bool,System.Exception&,UnityEngine.UIElements.BaseVisualElementPanel) (at /Users/bokken/build/output/unity/unity/Modules/UIElements/Core/Renderer/UIRenderer/UIRenderDevice.cs:983)
UnityEngine.UIElements.UIR.RenderTreeManager:RenderSingleTree (UnityEngine.UIElements.UIR.RenderTree,UnityEngine.RenderTexture,UnityEngine.RectInt,UnityEngine.Rect) (at /Users/bokken/build/output/unity/unity/Modules/UIElements/Core/Renderer/UIRRenderTreeManager.cs:606)
UnityEngine.UIElements.UIR.RenderTreeManager:RenderRootTree () (at /Users/bokken/build/output/unity/unity/Modules/UIElements/Core/Renderer/UIRRenderTreeManager.cs:551)
UnityEngine.UIElements.UIRRepaintUpdater:Render () (at /Users/bokken/build/output/unity/unity/Modules/UIElements/Core/Renderer/UIRRepaintUpdater.cs:160)
UnityEngine.UIElements.BaseVisualElementPanel:Render () (at /Users/bokken/build/output/unity/unity/Modules/UIElements/Core/Panel.cs:1032)
UnityEngine.UIElements.Panel:Render () (at /Users/bokken/build/output/unity/unity/Modules/UIElements/Core/Panel.cs:1843)
UnityEditor.UIElements.EditorEventDispatchUtility:DoDispatch (UnityEngine.UIElements.BaseVisualElementPanel,UnityEngine.Event) (at /Users/bokken/build/output/unity/unity/Modules/UIElementsEditor/EditorEventDispatchUtility.cs:62)
UnityEditor.UIElements.DefaultWindowBackend:ProcessEvent (UnityEngine.Event) (at /Users/bokken/build/output/unity/unity/Modules/UIElementsEditor/WindowBackends/DefaultWindowBackend.cs:114)
UnityEditor.GUIView:ProcessEvent (UnityEngine.EntityId,intptr,bool&) (at /Users/bokken/build/output/unity/unity/Editor/Mono/GUIView.cs:70)

[/Users/bokken/build/output/unity/unity/Runtime/Export/Scripting/StackTrace.cs line 23]

Quaternion To Matrix conversion failed because input Quaternion is invalid {0.469500, 0.000000, 0.000000, 0.882900} l=0.999943
UnityEngine.Debug:ExtractStackTraceNoAlloc (byte*,int,string)
UnityEngine.StackTraceUtility:ExtractStackTrace () (at /Users/bokken/build/output/unity/unity/Runtime/Export/Scripting/StackTrace.cs:23)
UnityEngine.Matrix4x4:Internal_TRS (UnityEngine.Vector3&,UnityEngine.Quaternion&,UnityEngine.Vector3&)
UnityEditor.Handles:DoPositionHandle_Internal (UnityEditor.Handles/PositionHandleIds,UnityEngine.Vector3,UnityEngine.Quaternion,UnityEditor.Handles/PositionHandleParam) (at /Users/bokken/build/output/unity/unity/Editor/Mono/Handles/PositionHandle.cs:245)
UnityEditor.Handles:DoPositionHandle (UnityEditor.Handles/PositionHandleIds,UnityEngine.Vector3,UnityEngine.Quaternion) (at /Users/bokken/build/output/unity/unity/Editor/Mono/Handles/PositionHandle.cs:226)
UnityEditor.Handles:DoPositionHandle (UnityEngine.Vector3,UnityEngine.Quaternion) (at /Users/bokken/build/output/unity/unity/Editor/Mono/Handles/PositionHandle.cs:179)
UnityEditor.Handles:PositionHandle (UnityEngine.Vector3,UnityEngine.Quaternion) (at /Users/bokken/build/output/unity/unity/Editor/Mono/Handles/Handles.cs:876)
UnityEditor.MoveTool:ToolGUI (UnityEditor.SceneView,UnityEngine.Vector3,bool) (at /Users/bokken/build/output/unity/unity/Editor/Mono/Tools/BuiltinTools.cs:316)
UnityEditor.ManipulationTool`1<UnityEditor.MoveTool>:OnToolGUI (UnityEditor.EditorWindow) (at /Users/bokken/build/output/unity/unity/Editor/Mono/Tools/BuiltinTools.cs:52)
UnityEditor.EditorTools.EditorToolManager/EditorToolState:OnToolGUI (UnityEditor.EditorWindow) (at /Users/bokken/build/output/unity/unity/Editor/Mono/Tools/EditorToolManager.cs:454)
UnityEditor.EditorTools.EditorToolManager:OnToolGUI (UnityEditor.EditorWindow) (at /Users/bokken/build/output/unity/unity/Editor/Mono/Tools/EditorToolManager.cs:1099)
UnityEditor.SceneView:DefaultHandles () (at /Users/bokken/build/output/unity/unity/Editor/Mono/SceneView/SceneView.cs:3861)
UnityEditor.SceneView:DoOnGUI () (at /Users/bokken/build/output/unity/unity/Editor/Mono/SceneView/SceneView.cs:2960)
UnityEditor.SceneView:OnSceneGUI () (at /Users/bokken/build/output/unity/unity/Editor/Mono/SceneView/SceneView.cs:2799)
UnityEngine.UIElements.IMGUIContainer:DoOnGUI (UnityEngine.Event,UnityEngine.Matrix4x4,UnityEngine.Rect,bool,UnityEngine.Rect,System.Action,bool) (at /Users/bokken/build/output/unity/unity/Modules/UIElements/Core/IMGUIContainer.cs:387)
UnityEngine.UIElements.IMGUIContainer:HandleIMGUIEvent (UnityEngine.Event,UnityEngine.Matrix4x4,UnityEngine.Rect,System.Action,bool) (at /Users/bokken/build/output/unity/unity/Modules/UIElements/Core/IMGUIContainer.cs:705)
UnityEngine.UIElements.IMGUIContainer:DoIMGUIRepaint () (at /Users/bokken/build/output/unity/unity/Modules/UIElements/Core/IMGUIContainer.cs:573)
UnityEngine.UIElements.UIR.RenderChainCommand:ExecuteNonDrawMesh (UnityEngine.UIElements.UIR.DrawParams,System.Exception&) (at /Users/bokken/build/output/unity/unity/Modules/UIElements/Core/Renderer/UIRenderer/UIRenderers.cs:186)
UnityEngine.UIElements.UIR.UIRenderDevice:EvaluateChain (UnityEngine.UIElements.UIR.RenderChainCommand,UnityEngine.Material,UnityEngine.Texture,UnityEngine.UIElements.UIR.ShaderInfoAllocator,System.Nullable`1<UnityEngine.Rect>,UnityEngine.Rect,single,bool,UnityEngine.UIElements.TextureSlotCount,bool,System.Exception&,UnityEngine.UIElements.BaseVisualElementPanel) (at /Users/bokken/build/output/unity/unity/Modules/UIElements/Core/Renderer/UIRenderer/UIRenderDevice.cs:983)
UnityEngine.UIElements.UIR.RenderTreeManager:RenderSingleTree (UnityEngine.UIElements.UIR.RenderTree,UnityEngine.RenderTexture,UnityEngine.RectInt,UnityEngine.Rect) (at /Users/bokken/build/output/unity/unity/Modules/UIElements/Core/Renderer/UIRRenderTreeManager.cs:606)
UnityEngine.UIElements.UIR.RenderTreeManager:RenderRootTree () (at /Users/bokken/build/output/unity/unity/Modules/UIElements/Core/Renderer/UIRRenderTreeManager.cs:551)
UnityEngine.UIElements.UIRRepaintUpdater:Render () (at /Users/bokken/build/output/unity/unity/Modules/UIElements/Core/Renderer/UIRRepaintUpdater.cs:160)
UnityEngine.UIElements.BaseVisualElementPanel:Render () (at /Users/bokken/build/output/unity/unity/Modules/UIElements/Core/Panel.cs:1032)
UnityEngine.UIElements.Panel:Render () (at /Users/bokken/build/output/unity/unity/Modules/UIElements/Core/Panel.cs:1843)
UnityEditor.UIElements.EditorEventDispatchUtility:DoDispatch (UnityEngine.UIElements.BaseVisualElementPanel,UnityEngine.Event) (at /Users/bokken/build/output/unity/unity/Modules/UIElementsEditor/EditorEventDispatchUtility.cs:62)
UnityEditor.UIElements.DefaultWindowBackend:ProcessEvent (UnityEngine.Event) (at /Users/bokken/build/output/unity/unity/Modules/UIElementsEditor/WindowBackends/DefaultWindowBackend.cs:114)
UnityEditor.GUIView:ProcessEvent (UnityEngine.EntityId,intptr,bool&) (at /Users/bokken/build/output/unity/unity/Editor/Mono/GUIView.cs:70)

[/Users/bokken/build/output/unity/unity/Runtime/Export/Scripting/StackTrace.cs line 23]

Quaternion To Matrix conversion failed because input Quaternion is invalid {0.469500, 0.000000, 0.000000, 0.882900} l=0.999943
UnityEngine.Debug:ExtractStackTraceNoAlloc (byte*,int,string)
UnityEngine.StackTraceUtility:ExtractStackTrace () (at /Users/bokken/build/output/unity/unity/Runtime/Export/Scripting/StackTrace.cs:23)
UnityEngine.Matrix4x4:Internal_TRS (UnityEngine.Vector3&,UnityEngine.Quaternion&,UnityEngine.Vector3&)
UnityEditor.Handles:DoPositionHandle_Internal (UnityEditor.Handles/PositionHandleIds,UnityEngine.Vector3,UnityEngine.Quaternion,UnityEditor.Handles/PositionHandleParam) (at /Users/bokken/build/output/unity/unity/Editor/Mono/Handles/PositionHandle.cs:245)
UnityEditor.Handles:DoPositionHandle (UnityEditor.Handles/PositionHandleIds,UnityEngine.Vector3,UnityEngine.Quaternion) (at /Users/bokken/build/output/unity/unity/Editor/Mono/Handles/PositionHandle.cs:226)
UnityEditor.Handles:DoPositionHandle (UnityEngine.Vector3,UnityEngine.Quaternion) (at /Users/bokken/build/output/unity/unity/Editor/Mono/Handles/PositionHandle.cs:179)
UnityEditor.Handles:PositionHandle (UnityEngine.Vector3,UnityEngine.Quaternion) (at /Users/bokken/build/output/unity/unity/Editor/Mono/Handles/Handles.cs:876)
UnityEditor.MoveTool:ToolGUI (UnityEditor.SceneView,UnityEngine.Vector3,bool) (at /Users/bokken/build/output/unity/unity/Editor/Mono/Tools/BuiltinTools.cs:316)
UnityEditor.ManipulationTool`1<UnityEditor.MoveTool>:OnToolGUI (UnityEditor.EditorWindow) (at /Users/bokken/build/output/unity/unity/Editor/Mono/Tools/BuiltinTools.cs:52)
UnityEditor.EditorTools.EditorToolManager/EditorToolState:OnToolGUI (UnityEditor.EditorWindow) (at /Users/bokken/build/output/unity/unity/Editor/Mono/Tools/EditorToolManager.cs:454)
UnityEditor.EditorTools.EditorToolManager:OnToolGUI (UnityEditor.EditorWindow) (at /Users/bokken/build/output/unity/unity/Editor/Mono/Tools/EditorToolManager.cs:1099)
UnityEditor.SceneView:DefaultHandles () (at /Users/bokken/build/output/unity/unity/Editor/Mono/SceneView/SceneView.cs:3861)
UnityEditor.SceneView:DoOnGUI () (at /Users/bokken/build/output/unity/unity/Editor/Mono/SceneView/SceneView.cs:2960)
UnityEditor.SceneView:OnSceneGUI () (at /Users/bokken/build/output/unity/unity/Editor/Mono/SceneView/SceneView.cs:2799)
UnityEngine.UIElements.IMGUIContainer:DoOnGUI (UnityEngine.Event,UnityEngine.Matrix4x4,UnityEngine.Rect,bool,UnityEngine.Rect,System.Action,bool) (at /Users/bokken/build/output/unity/unity/Modules/UIElements/Core/IMGUIContainer.cs:387)
UnityEngine.UIElements.IMGUIContainer:HandleIMGUIEvent (UnityEngine.Event,UnityEngine.Matrix4x4,UnityEngine.Rect,System.Action,bool) (at /Users/bokken/build/output/unity/unity/Modules/UIElements/Core/IMGUIContainer.cs:716)
UnityEngine.UIElements.IMGUIContainer:DoIMGUIRepaint () (at /Users/bokken/build/output/unity/unity/Modules/UIElements/Core/IMGUIContainer.cs:573)
UnityEngine.UIElements.UIR.RenderChainCommand:ExecuteNonDrawMesh (UnityEngine.UIElements.UIR.DrawParams,System.Exception&) (at /Users/bokken/build/output/unity/unity/Modules/UIElements/Core/Renderer/UIRenderer/UIRenderers.cs:186)
UnityEngine.UIElements.UIR.UIRenderDevice:EvaluateChain (UnityEngine.UIElements.UIR.RenderChainCommand,UnityEngine.Material,UnityEngine.Texture,UnityEngine.UIElements.UIR.ShaderInfoAllocator,System.Nullable`1<UnityEngine.Rect>,UnityEngine.Rect,single,bool,UnityEngine.UIElements.TextureSlotCount,bool,System.Exception&,UnityEngine.UIElements.BaseVisualElementPanel) (at /Users/bokken/build/output/unity/unity/Modules/UIElements/Core/Renderer/UIRenderer/UIRenderDevice.cs:983)
UnityEngine.UIElements.UIR.RenderTreeManager:RenderSingleTree (UnityEngine.UIElements.UIR.RenderTree,UnityEngine.RenderTexture,UnityEngine.RectInt,UnityEngine.Rect) (at /Users/bokken/build/output/unity/unity/Modules/UIElements/Core/Renderer/UIRRenderTreeManager.cs:606)
UnityEngine.UIElements.UIR.RenderTreeManager:RenderRootTree () (at /Users/bokken/build/output/unity/unity/Modules/UIElements/Core/Renderer/UIRRenderTreeManager.cs:551)
UnityEngine.UIElements.UIRRepaintUpdater:Render () (at /Users/bokken/build/output/unity/unity/Modules/UIElements/Core/Renderer/UIRRepaintUpdater.cs:160)
UnityEngine.UIElements.BaseVisualElementPanel:Render () (at /Users/bokken/build/output/unity/unity/Modules/UIElements/Core/Panel.cs:1032)
UnityEngine.UIElements.Panel:Render () (at /Users/bokken/build/output/unity/unity/Modules/UIElements/Core/Panel.cs:1843)
UnityEditor.UIElements.EditorEventDispatchUtility:DoDispatch (UnityEngine.UIElements.BaseVisualElementPanel,UnityEngine.Event) (at /Users/bokken/build/output/unity/unity/Modules/UIElementsEditor/EditorEventDispatchUtility.cs:62)
UnityEditor.UIElements.DefaultWindowBackend:ProcessEvent (UnityEngine.Event) (at /Users/bokken/build/output/unity/unity/Modules/UIElementsEditor/WindowBackends/DefaultWindowBackend.cs:114)
UnityEditor.GUIView:ProcessEvent (UnityEngine.EntityId,intptr,bool&) (at /Users/bokken/build/output/unity/unity/Editor/Mono/GUIView.cs:70)

[/Users/bokken/build/output/unity/unity/Runtime/Export/Scripting/StackTrace.cs line 23]

Quaternion To Matrix conversion failed because input Quaternion is invalid {0.469500, 0.000000, 0.000000, 0.882900} l=0.999943
UnityEngine.Debug:ExtractStackTraceNoAlloc (byte*,int,string)
UnityEngine.StackTraceUtility:ExtractStackTrace () (at /Users/bokken/build/output/unity/unity/Runtime/Export/Scripting/StackTrace.cs:23)
UnityEngine.Matrix4x4:Internal_TRS (UnityEngine.Vector3&,UnityEngine.Quaternion&,UnityEngine.Vector3&)
UnityEditor.Handles:DoPositionHandle_Internal (UnityEditor.Handles/PositionHandleIds,UnityEngine.Vector3,UnityEngine.Quaternion,UnityEditor.Handles/PositionHandleParam) (at /Users/bokken/build/output/unity/unity/Editor/Mono/Handles/PositionHandle.cs:245)
UnityEditor.Handles:DoPositionHandle (UnityEditor.Handles/PositionHandleIds,UnityEngine.Vector3,UnityEngine.Quaternion) (at /Users/bokken/build/output/unity/unity/Editor/Mono/Handles/PositionHandle.cs:226)
UnityEditor.Handles:DoPositionHandle (UnityEngine.Vector3,UnityEngine.Quaternion) (at /Users/bokken/build/output/unity/unity/Editor/Mono/Handles/PositionHandle.cs:179)
UnityEditor.Handles:PositionHandle (UnityEngine.Vector3,UnityEngine.Quaternion) (at /Users/bokken/build/output/unity/unity/Editor/Mono/Handles/Handles.cs:876)
UnityEditor.MoveTool:ToolGUI (UnityEditor.SceneView,UnityEngine.Vector3,bool) (at /Users/bokken/build/output/unity/unity/Editor/Mono/Tools/BuiltinTools.cs:316)
UnityEditor.ManipulationTool`1<UnityEditor.MoveTool>:OnToolGUI (UnityEditor.EditorWindow) (at /Users/bokken/build/output/unity/unity/Editor/Mono/Tools/BuiltinTools.cs:52)
UnityEditor.EditorTools.EditorToolManager/EditorToolState:OnToolGUI (UnityEditor.EditorWindow) (at /Users/bokken/build/output/unity/unity/Editor/Mono/Tools/EditorToolManager.cs:454)
UnityEditor.EditorTools.EditorToolManager:OnToolGUI (UnityEditor.EditorWindow) (at /Users/bokken/build/output/unity/unity/Editor/Mono/Tools/EditorToolManager.cs:1099)
UnityEditor.SceneView:DefaultHandles () (at /Users/bokken/build/output/unity/unity/Editor/Mono/SceneView/SceneView.cs:3861)
UnityEditor.SceneView:DoOnGUI () (at /Users/bokken/build/output/unity/unity/Editor/Mono/SceneView/SceneView.cs:2960)
UnityEditor.SceneView:OnSceneGUI () (at /Users/bokken/build/output/unity/unity/Editor/Mono/SceneView/SceneView.cs:2799)
UnityEngine.UIElements.IMGUIContainer:DoOnGUI (UnityEngine.Event,UnityEngine.Matrix4x4,UnityEngine.Rect,bool,UnityEngine.Rect,System.Action,bool) (at /Users/bokken/build/output/unity/unity/Modules/UIElements/Core/IMGUIContainer.cs:387)
UnityEngine.UIElements.IMGUIContainer:HandleIMGUIEvent (UnityEngine.Event,UnityEngine.Matrix4x4,UnityEngine.Rect,System.Action,bool) (at /Users/bokken/build/output/unity/unity/Modules/UIElements/Core/IMGUIContainer.cs:705)
UnityEngine.UIElements.IMGUIContainer:DoIMGUIRepaint () (at /Users/bokken/build/output/unity/unity/Modules/UIElements/Core/IMGUIContainer.cs:573)
UnityEngine.UIElements.UIR.RenderChainCommand:ExecuteNonDrawMesh (UnityEngine.UIElements.UIR.DrawParams,System.Exception&) (at /Users/bokken/build/output/unity/unity/Modules/UIElements/Core/Renderer/UIRenderer/UIRenderers.cs:186)
UnityEngine.UIElements.UIR.UIRenderDevice:EvaluateChain (UnityEngine.UIElements.UIR.RenderChainCommand,UnityEngine.Material,UnityEngine.Texture,UnityEngine.UIElements.UIR.ShaderInfoAllocator,System.Nullable`1<UnityEngine.Rect>,UnityEngine.Rect,single,bool,UnityEngine.UIElements.TextureSlotCount,bool,System.Exception&,UnityEngine.UIElements.BaseVisualElementPanel) (at /Users/bokken/build/output/unity/unity/Modules/UIElements/Core/Renderer/UIRenderer/UIRenderDevice.cs:983)
UnityEngine.UIElements.UIR.RenderTreeManager:RenderSingleTree (UnityEngine.UIElements.UIR.RenderTree,UnityEngine.RenderTexture,UnityEngine.RectInt,UnityEngine.Rect) (at /Users/bokken/build/output/unity/unity/Modules/UIElements/Core/Renderer/UIRRenderTreeManager.cs:606)
UnityEngine.UIElements.UIR.RenderTreeManager:RenderRootTree () (at /Users/bokken/build/output/unity/unity/Modules/UIElements/Core/Renderer/UIRRenderTreeManager.cs:551)
UnityEngine.UIElements.UIRRepaintUpdater:Render () (at /Users/bokken/build/output/unity/unity/Modules/UIElements/Core/Renderer/UIRRepaintUpdater.cs:160)
UnityEngine.UIElements.BaseVisualElementPanel:Render () (at /Users/bokken/build/output/unity/unity/Modules/UIElements/Core/Panel.cs:1032)
UnityEngine.UIElements.Panel:Render () (at /Users/bokken/build/output/unity/unity/Modules/UIElements/Core/Panel.cs:1843)
UnityEditor.UIElements.EditorEventDispatchUtility:DoDispatch (UnityEngine.UIElements.BaseVisualElementPanel,UnityEngine.Event) (at /Users/bokken/build/output/unity/unity/Modules/UIElementsEditor/EditorEventDispatchUtility.cs:62)
UnityEditor.UIElements.DefaultWindowBackend:ProcessEvent (UnityEngine.Event) (at /Users/bokken/build/output/unity/unity/Modules/UIElementsEditor/WindowBackends/DefaultWindowBackend.cs:114)
UnityEditor.GUIView:ProcessEvent (UnityEngine.EntityId,intptr,bool&) (at /Users/bokken/build/output/unity/unity/Editor/Mono/GUIView.cs:70)

[/Users/bokken/build/output/unity/unity/Runtime/Export/Scripting/StackTrace.cs line 23]

Quaternion To Matrix conversion failed because input Quaternion is invalid {0.469500, 0.000000, 0.000000, 0.882900} l=0.999943
UnityEngine.Debug:ExtractStackTraceNoAlloc (byte*,int,string)
UnityEngine.StackTraceUtility:ExtractStackTrace () (at /Users/bokken/build/output/unity/unity/Runtime/Export/Scripting/StackTrace.cs:23)
UnityEngine.Matrix4x4:Internal_TRS (UnityEngine.Vector3&,UnityEngine.Quaternion&,UnityEngine.Vector3&)
UnityEditor.Handles:DoPositionHandle_Internal (UnityEditor.Handles/PositionHandleIds,UnityEngine.Vector3,UnityEngine.Quaternion,UnityEditor.Handles/PositionHandleParam) (at /Users/bokken/build/output/unity/unity/Editor/Mono/Handles/PositionHandle.cs:245)
UnityEditor.Handles:DoPositionHandle (UnityEditor.Handles/PositionHandleIds,UnityEngine.Vector3,UnityEngine.Quaternion) (at /Users/bokken/build/output/unity/unity/Editor/Mono/Handles/PositionHandle.cs:226)
UnityEditor.Handles:DoPositionHandle (UnityEngine.Vector3,UnityEngine.Quaternion) (at /Users/bokken/build/output/unity/unity/Editor/Mono/Handles/PositionHandle.cs:179)
UnityEditor.Handles:PositionHandle (UnityEngine.Vector3,UnityEngine.Quaternion) (at /Users/bokken/build/output/unity/unity/Editor/Mono/Handles/Handles.cs:876)
UnityEditor.MoveTool:ToolGUI (UnityEditor.SceneView,UnityEngine.Vector3,bool) (at /Users/bokken/build/output/unity/unity/Editor/Mono/Tools/BuiltinTools.cs:316)
UnityEditor.ManipulationTool`1<UnityEditor.MoveTool>:OnToolGUI (UnityEditor.EditorWindow) (at /Users/bokken/build/output/unity/unity/Editor/Mono/Tools/BuiltinTools.cs:52)
UnityEditor.EditorTools.EditorToolManager/EditorToolState:OnToolGUI (UnityEditor.EditorWindow) (at /Users/bokken/build/output/unity/unity/Editor/Mono/Tools/EditorToolManager.cs:454)
UnityEditor.EditorTools.EditorToolManager:OnToolGUI (UnityEditor.EditorWindow) (at /Users/bokken/build/output/unity/unity/Editor/Mono/Tools/EditorToolManager.cs:1099)
UnityEditor.SceneView:DefaultHandles () (at /Users/bokken/build/output/unity/unity/Editor/Mono/SceneView/SceneView.cs:3861)
UnityEditor.SceneView:DoOnGUI () (at /Users/bokken/build/output/unity/unity/Editor/Mono/SceneView/SceneView.cs:2960)
UnityEditor.SceneView:OnSceneGUI () (at /Users/bokken/build/output/unity/unity/Editor/Mono/SceneView/SceneView.cs:2799)
UnityEngine.UIElements.IMGUIContainer:DoOnGUI (UnityEngine.Event,UnityEngine.Matrix4x4,UnityEngine.Rect,bool,UnityEngine.Rect,System.Action,bool) (at /Users/bokken/build/output/unity/unity/Modules/UIElements/Core/IMGUIContainer.cs:387)
UnityEngine.UIElements.IMGUIContainer:HandleIMGUIEvent (UnityEngine.Event,UnityEngine.Matrix4x4,UnityEngine.Rect,System.Action,bool) (at /Users/bokken/build/output/unity/unity/Modules/UIElements/Core/IMGUIContainer.cs:716)
UnityEngine.UIElements.IMGUIContainer:DoIMGUIRepaint () (at /Users/bokken/build/output/unity/unity/Modules/UIElements/Core/IMGUIContainer.cs:573)
UnityEngine.UIElements.UIR.RenderChainCommand:ExecuteNonDrawMesh (UnityEngine.UIElements.UIR.DrawParams,System.Exception&) (at /Users/bokken/build/output/unity/unity/Modules/UIElements/Core/Renderer/UIRenderer/UIRenderers.cs:186)
UnityEngine.UIElements.UIR.UIRenderDevice:EvaluateChain (UnityEngine.UIElements.UIR.RenderChainCommand,UnityEngine.Material,UnityEngine.Texture,UnityEngine.UIElements.UIR.ShaderInfoAllocator,System.Nullable`1<UnityEngine.Rect>,UnityEngine.Rect,single,bool,UnityEngine.UIElements.TextureSlotCount,bool,System.Exception&,UnityEngine.UIElements.BaseVisualElementPanel) (at /Users/bokken/build/output/unity/unity/Modules/UIElements/Core/Renderer/UIRenderer/UIRenderDevice.cs:983)
UnityEngine.UIElements.UIR.RenderTreeManager:RenderSingleTree (UnityEngine.UIElements.UIR.RenderTree,UnityEngine.RenderTexture,UnityEngine.RectInt,UnityEngine.Rect) (at /Users/bokken/build/output/unity/unity/Modules/UIElements/Core/Renderer/UIRRenderTreeManager.cs:606)
UnityEngine.UIElements.UIR.RenderTreeManager:RenderRootTree () (at /Users/bokken/build/output/unity/unity/Modules/UIElements/Core/Renderer/UIRRenderTreeManager.cs:551)
UnityEngine.UIElements.UIRRepaintUpdater:Render () (at /Users/bokken/build/output/unity/unity/Modules/UIElements/Core/Renderer/UIRRepaintUpdater.cs:160)
UnityEngine.UIElements.BaseVisualElementPanel:Render () (at /Users/bokken/build/output/unity/unity/Modules/UIElements/Core/Panel.cs:1032)
UnityEngine.UIElements.Panel:Render () (at /Users/bokken/build/output/unity/unity/Modules/UIElements/Core/Panel.cs:1843)
UnityEditor.UIElements.EditorEventDispatchUtility:DoDispatch (UnityEngine.UIElements.BaseVisualElementPanel,UnityEngine.Event) (at /Users/bokken/build/output/unity/unity/Modules/UIElementsEditor/EditorEventDispatchUtility.cs:62)
UnityEditor.UIElements.DefaultWindowBackend:ProcessEvent (UnityEngine.Event) (at /Users/bokken/build/output/unity/unity/Modules/UIElementsEditor/WindowBackends/DefaultWindowBackend.cs:114)
UnityEditor.GUIView:ProcessEvent (UnityEngine.EntityId,intptr,bool&) (at /Users/bokken/build/output/unity/unity/Editor/Mono/GUIView.cs:70)

[/Users/bokken/build/output/unity/unity/Runtime/Export/Scripting/StackTrace.cs line 23]

Quaternion To Matrix conversion failed because input Quaternion is invalid {0.469500, 0.000000, 0.000000, 0.882900} l=0.999943
UnityEngine.Debug:ExtractStackTraceNoAlloc (byte*,int,string)
UnityEngine.StackTraceUtility:ExtractStackTrace () (at /Users/bokken/build/output/unity/unity/Runtime/Export/Scripting/StackTrace.cs:23)
UnityEngine.Matrix4x4:Internal_TRS (UnityEngine.Vector3&,UnityEngine.Quaternion&,UnityEngine.Vector3&)
UnityEditor.Handles:DoPositionHandle_Internal (UnityEditor.Handles/PositionHandleIds,UnityEngine.Vector3,UnityEngine.Quaternion,UnityEditor.Handles/PositionHandleParam) (at /Users/bokken/build/output/unity/unity/Editor/Mono/Handles/PositionHandle.cs:245)
UnityEditor.Handles:DoPositionHandle (UnityEditor.Handles/PositionHandleIds,UnityEngine.Vector3,UnityEngine.Quaternion) (at /Users/bokken/build/output/unity/unity/Editor/Mono/Handles/PositionHandle.cs:226)
UnityEditor.Handles:DoPositionHandle (UnityEngine.Vector3,UnityEngine.Quaternion) (at /Users/bokken/build/output/unity/unity/Editor/Mono/Handles/PositionHandle.cs:179)
UnityEditor.Handles:PositionHandle (UnityEngine.Vector3,UnityEngine.Quaternion) (at /Users/bokken/build/output/unity/unity/Editor/Mono/Handles/Handles.cs:876)
UnityEditor.MoveTool:ToolGUI (UnityEditor.SceneView,UnityEngine.Vector3,bool) (at /Users/bokken/build/output/unity/unity/Editor/Mono/Tools/BuiltinTools.cs:316)
UnityEditor.ManipulationTool`1<UnityEditor.MoveTool>:OnToolGUI (UnityEditor.EditorWindow) (at /Users/bokken/build/output/unity/unity/Editor/Mono/Tools/BuiltinTools.cs:52)
UnityEditor.EditorTools.EditorToolManager/EditorToolState:OnToolGUI (UnityEditor.EditorWindow) (at /Users/bokken/build/output/unity/unity/Editor/Mono/Tools/EditorToolManager.cs:454)
UnityEditor.EditorTools.EditorToolManager:OnToolGUI (UnityEditor.EditorWindow) (at /Users/bokken/build/output/unity/unity/Editor/Mono/Tools/EditorToolManager.cs:1099)
UnityEditor.SceneView:DefaultHandles () (at /Users/bokken/build/output/unity/unity/Editor/Mono/SceneView/SceneView.cs:3861)
UnityEditor.SceneView:DoOnGUI () (at /Users/bokken/build/output/unity/unity/Editor/Mono/SceneView/SceneView.cs:2960)
UnityEditor.SceneView:OnSceneGUI () (at /Users/bokken/build/output/unity/unity/Editor/Mono/SceneView/SceneView.cs:2799)
UnityEngine.UIElements.IMGUIContainer:DoOnGUI (UnityEngine.Event,UnityEngine.Matrix4x4,UnityEngine.Rect,bool,UnityEngine.Rect,System.Action,bool) (at /Users/bokken/build/output/unity/unity/Modules/UIElements/Core/IMGUIContainer.cs:387)
UnityEngine.UIElements.IMGUIContainer:HandleIMGUIEvent (UnityEngine.Event,UnityEngine.Matrix4x4,UnityEngine.Rect,System.Action,bool) (at /Users/bokken/build/output/unity/unity/Modules/UIElements/Core/IMGUIContainer.cs:705)
UnityEngine.UIElements.IMGUIContainer:DoIMGUIRepaint () (at /Users/bokken/build/output/unity/unity/Modules/UIElements/Core/IMGUIContainer.cs:573)
UnityEngine.UIElements.UIR.RenderChainCommand:ExecuteNonDrawMesh (UnityEngine.UIElements.UIR.DrawParams,System.Exception&) (at /Users/bokken/build/output/unity/unity/Modules/UIElements/Core/Renderer/UIRenderer/UIRenderers.cs:186)
UnityEngine.UIElements.UIR.UIRenderDevice:EvaluateChain (UnityEngine.UIElements.UIR.RenderChainCommand,UnityEngine.Material,UnityEngine.Texture,UnityEngine.UIElements.UIR.ShaderInfoAllocator,System.Nullable`1<UnityEngine.Rect>,UnityEngine.Rect,single,bool,UnityEngine.UIElements.TextureSlotCount,bool,System.Exception&,UnityEngine.UIElements.BaseVisualElementPanel) (at /Users/bokken/build/output/unity/unity/Modules/UIElements/Core/Renderer/UIRenderer/UIRenderDevice.cs:983)
UnityEngine.UIElements.UIR.RenderTreeManager:RenderSingleTree (UnityEngine.UIElements.UIR.RenderTree,UnityEngine.RenderTexture,UnityEngine.RectInt,UnityEngine.Rect) (at /Users/bokken/build/output/unity/unity/Modules/UIElements/Core/Renderer/UIRRenderTreeManager.cs:606)
UnityEngine.UIElements.UIR.RenderTreeManager:RenderRootTree () (at /Users/bokken/build/output/unity/unity/Modules/UIElements/Core/Renderer/UIRRenderTreeManager.cs:551)
UnityEngine.UIElements.UIRRepaintUpdater:Render () (at /Users/bokken/build/output/unity/unity/Modules/UIElements/Core/Renderer/UIRRepaintUpdater.cs:160)
UnityEngine.UIElements.BaseVisualElementPanel:Render () (at /Users/bokken/build/output/unity/unity/Modules/UIElements/Core/Panel.cs:1032)
UnityEngine.UIElements.Panel:Render () (at /Users/bokken/build/output/unity/unity/Modules/UIElements/Core/Panel.cs:1843)
UnityEditor.UIElements.EditorEventDispatchUtility:DoDispatch (UnityEngine.UIElements.BaseVisualElementPanel,UnityEngine.Event) (at /Users/bokken/build/output/unity/unity/Modules/UIElementsEditor/EditorEventDispatchUtility.cs:62)
UnityEditor.UIElements.DefaultWindowBackend:ProcessEvent (UnityEngine.Event) (at /Users/bokken/build/output/unity/unity/Modules/UIElementsEditor/WindowBackends/DefaultWindowBackend.cs:114)
UnityEditor.GUIView:ProcessEvent (UnityEngine.EntityId,intptr,bool&) (at /Users/bokken/build/output/unity/unity/Editor/Mono/GUIView.cs:70)

[/Users/bokken/build/output/unity/unity/Runtime/Export/Scripting/StackTrace.cs line 23]

Quaternion To Matrix conversion failed because input Quaternion is invalid {0.469500, 0.000000, 0.000000, 0.882900} l=0.999943
UnityEngine.Debug:ExtractStackTraceNoAlloc (byte*,int,string)
UnityEngine.StackTraceUtility:ExtractStackTrace () (at /Users/bokken/build/output/unity/unity/Runtime/Export/Scripting/StackTrace.cs:23)
UnityEngine.Matrix4x4:Internal_TRS (UnityEngine.Vector3&,UnityEngine.Quaternion&,UnityEngine.Vector3&)
UnityEditor.Handles:DoPositionHandle_Internal (UnityEditor.Handles/PositionHandleIds,UnityEngine.Vector3,UnityEngine.Quaternion,UnityEditor.Handles/PositionHandleParam) (at /Users/bokken/build/output/unity/unity/Editor/Mono/Handles/PositionHandle.cs:245)
UnityEditor.Handles:DoPositionHandle (UnityEditor.Handles/PositionHandleIds,UnityEngine.Vector3,UnityEngine.Quaternion) (at /Users/bokken/build/output/unity/unity/Editor/Mono/Handles/PositionHandle.cs:226)
UnityEditor.Handles:DoPositionHandle (UnityEngine.Vector3,UnityEngine.Quaternion) (at /Users/bokken/build/output/unity/unity/Editor/Mono/Handles/PositionHandle.cs:179)
UnityEditor.Handles:PositionHandle (UnityEngine.Vector3,UnityEngine.Quaternion) (at /Users/bokken/build/output/unity/unity/Editor/Mono/Handles/Handles.cs:876)
UnityEditor.MoveTool:ToolGUI (UnityEditor.SceneView,UnityEngine.Vector3,bool) (at /Users/bokken/build/output/unity/unity/Editor/Mono/Tools/BuiltinTools.cs:316)
UnityEditor.ManipulationTool`1<UnityEditor.MoveTool>:OnToolGUI (UnityEditor.EditorWindow) (at /Users/bokken/build/output/unity/unity/Editor/Mono/Tools/BuiltinTools.cs:52)
UnityEditor.EditorTools.EditorToolManager/EditorToolState:OnToolGUI (UnityEditor.EditorWindow) (at /Users/bokken/build/output/unity/unity/Editor/Mono/Tools/EditorToolManager.cs:454)
UnityEditor.EditorTools.EditorToolManager:OnToolGUI (UnityEditor.EditorWindow) (at /Users/bokken/build/output/unity/unity/Editor/Mono/Tools/EditorToolManager.cs:1099)
UnityEditor.SceneView:DefaultHandles () (at /Users/bokken/build/output/unity/unity/Editor/Mono/SceneView/SceneView.cs:3861)
UnityEditor.SceneView:DoOnGUI () (at /Users/bokken/build/output/unity/unity/Editor/Mono/SceneView/SceneView.cs:2960)
UnityEditor.SceneView:OnSceneGUI () (at /Users/bokken/build/output/unity/unity/Editor/Mono/SceneView/SceneView.cs:2799)
UnityEngine.UIElements.IMGUIContainer:DoOnGUI (UnityEngine.Event,UnityEngine.Matrix4x4,UnityEngine.Rect,bool,UnityEngine.Rect,System.Action,bool) (at /Users/bokken/build/output/unity/unity/Modules/UIElements/Core/IMGUIContainer.cs:387)
UnityEngine.UIElements.IMGUIContainer:HandleIMGUIEvent (UnityEngine.Event,UnityEngine.Matrix4x4,UnityEngine.Rect,System.Action,bool) (at /Users/bokken/build/output/unity/unity/Modules/UIElements/Core/IMGUIContainer.cs:716)
UnityEngine.UIElements.IMGUIContainer:DoIMGUIRepaint () (at /Users/bokken/build/output/unity/unity/Modules/UIElements/Core/IMGUIContainer.cs:573)
UnityEngine.UIElements.UIR.RenderChainCommand:ExecuteNonDrawMesh (UnityEngine.UIElements.UIR.DrawParams,System.Exception&) (at /Users/bokken/build/output/unity/unity/Modules/UIElements/Core/Renderer/UIRenderer/UIRenderers.cs:186)
UnityEngine.UIElements.UIR.UIRenderDevice:EvaluateChain (UnityEngine.UIElements.UIR.RenderChainCommand,UnityEngine.Material,UnityEngine.Texture,UnityEngine.UIElements.UIR.ShaderInfoAllocator,System.Nullable`1<UnityEngine.Rect>,UnityEngine.Rect,single,bool,UnityEngine.UIElements.TextureSlotCount,bool,System.Exception&,UnityEngine.UIElements.BaseVisualElementPanel) (at /Users/bokken/build/output/unity/unity/Modules/UIElements/Core/Renderer/UIRenderer/UIRenderDevice.cs:983)
UnityEngine.UIElements.UIR.RenderTreeManager:RenderSingleTree (UnityEngine.UIElements.UIR.RenderTree,UnityEngine.RenderTexture,UnityEngine.RectInt,UnityEngine.Rect) (at /Users/bokken/build/output/unity/unity/Modules/UIElements/Core/Renderer/UIRRenderTreeManager.cs:606)
UnityEngine.UIElements.UIR.RenderTreeManager:RenderRootTree () (at /Users/bokken/build/output/unity/unity/Modules/UIElements/Core/Renderer/UIRRenderTreeManager.cs:551)
UnityEngine.UIElements.UIRRepaintUpdater:Render () (at /Users/bokken/build/output/unity/unity/Modules/UIElements/Core/Renderer/UIRRepaintUpdater.cs:160)
UnityEngine.UIElements.BaseVisualElementPanel:Render () (at /Users/bokken/build/output/unity/unity/Modules/UIElements/Core/Panel.cs:1032)
UnityEngine.UIElements.Panel:Render () (at /Users/bokken/build/output/unity/unity/Modules/UIElements/Core/Panel.cs:1843)
UnityEditor.UIElements.EditorEventDispatchUtility:DoDispatch (UnityEngine.UIElements.BaseVisualElementPanel,UnityEngine.Event) (at /Users/bokken/build/output/unity/unity/Modules/UIElementsEditor/EditorEventDispatchUtility.cs:62)
UnityEditor.UIElements.DefaultWindowBackend:ProcessEvent (UnityEngine.Event) (at /Users/bokken/build/output/unity/unity/Modules/UIElementsEditor/WindowBackends/DefaultWindowBackend.cs:114)
UnityEditor.GUIView:ProcessEvent (UnityEngine.EntityId,intptr,bool&) (at /Users/bokken/build/output/unity/unity/Editor/Mono/GUIView.cs:70)

[/Users/bokken/build/output/unity/unity/Runtime/Export/Scripting/StackTrace.cs line 23]

Asset Pipeline Refresh (id=ee5cf49efe32a4ce2a38f7009f9bf41c): Total: 0.032 seconds - Initiated by RefreshV2(AllowForceSynchronousImport)
2026-09-23 19:12:46.076 Unity[2796:96808] NSEventModifierFlagFunction specified to -setKeyEquivalentModifierMask: for item <NSMenuItem: 0x910d99d60 SDF, ke='Command-F12'>, but is only supported for system-provided menu items; will not be used
Asset Pipeline Refresh (id=ef3c7a470260b463ca607f84d028d6c9): Total: 0.027 seconds - Initiated by RefreshV2(AllowForceSynchronousImport)
Importing 'GUID: b264fbcc582ba4cf79c74d94737916c1 - Path: Assets/3D Simple Building' with importer (DefaultImporter)
Imported 'GUID: b264fbcc582ba4cf79c74d94737916c1' -> (Import Result ID: '73d4269b649f56d54941fdac78d7a412') in 0.001 seconds [static dependencies only]. Details - ImportResultOutputID=88f5995884779e6c89f1a54d748c9c43 DependenciesID=89bb106c915dac337a25fdf6fc57117a StaticDependenciesID=ef091f7ac027a23cde6ad7404d436c98 
Importing 'GUID: 5d48e324da5425a418f582611dacde6c - Path: Assets/3D Simple Building/Model' with importer (DefaultImporter)
Imported 'GUID: 5d48e324da5425a418f582611dacde6c' -> (Import Result ID: '8d25469323916170635a7176cb6fcd98') in 0.000 seconds [static dependencies only]. Details - ImportResultOutputID=c256c943d60f6d263e9a3181534ab80c DependenciesID=df2c7549971032c8841c597f932bfe91 StaticDependenciesID=a896ed73ad26626c9c32f169f6294611 
Importing 'GUID: 7dac30e6c3de3bf408a40361c8d6e0eb - Path: Assets/3D Simple Building/Demo Scene B' with importer (DefaultImporter)
Imported 'GUID: 7dac30e6c3de3bf408a40361c8d6e0eb' -> (Import Result ID: '6c2c263045d25cdc2845b5887124840d') in 0.000 seconds [static dependencies only]. Details - ImportResultOutputID=4acba04a9cfc0c330bfae6f7e29de91f DependenciesID=7cd199c84c2f3939a28e37d5db15c1e2 StaticDependenciesID=22b3de35537144f77ad7223c4d8f6814 
Importing 'GUID: 67def23f192c2cb4496a79d916719c82 - Path: Assets/3D Simple Building/Demo Scene B/Demo Scene B.unity' with importer (DefaultImporter)
Imported 'GUID: 67def23f192c2cb4496a79d916719c82' -> (Import Result ID: 'c9550b5b8f4b4cddfbc2050fc61bb2e9') in 0.000 seconds [static dependencies only]. Details - ImportResultOutputID=f132adaabdff3a9a4f83c42290af0f08 DependenciesID=a0ba965abfff899dacdf8730a9aeb8ce StaticDependenciesID=2465419964fdc37657644f8e6d70bc01 
Importing 'GUID: 70ab59573adc6f34893afc210d9f35d8 - Path: Assets/3D Simple Building/Demo Scene B/ReflectionProbe-0.exr' with importer (TextureImporter)
Starting cubemap convolution (size 128)
...took 0.045 seconds
Imported 'GUID: 70ab59573adc6f34893afc210d9f35d8' -> (Import Result ID: 'dd5754188be0ffbfb87f8f387c71f77e') in 0.141 seconds [static and dynamic dependencies]. Details - ImportResultOutputID=50b778fea385bae403ced7bc26b5a9a9 DependenciesID=eacd613e04f2065fdcc2605e8be69a6f StaticDependenciesID=f6db5d025a846c9752dc4931a051bd6e 
Importing 'GUID: d7cf91f05fc920a4e9c9ac0de06911b9 - Path: Assets/3D Simple Building/Model/Lighting Settings.lighting' with importer (NativeFormatImporter)
LightingSettings: switching bake backend from 2 to 1.
Imported 'GUID: d7cf91f05fc920a4e9c9ac0de06911b9' -> (Import Result ID: 'f2ad7c65a698fe736856c1a468e9a92f') in 0.003 seconds [static dependencies only]. Details - ImportResultOutputID=8e46f85d924913acd9a9fc6cbee75a14 DependenciesID=1011164132d557cabbc540949dbded67 StaticDependenciesID=0a14d59d32e249ebd40cd4b24fdc3076 
Importing 'GUID: b4a81c6cf8e0cd545b6a9e96b64571db - Path: Assets/3D Simple Building/Model/apartments building (1).fbx' with importer (FBXImporter)
Imported 'GUID: b4a81c6cf8e0cd545b6a9e96b64571db' -> (Import Result ID: '4d47e0e6dd2bc36a333fb63aee847f40') in 0.022 seconds [static and dynamic dependencies]. Details - ImportResultOutputID=4730fa6ef1753becb28d33841880f869 DependenciesID=1cc271637249753e760cbbeea1abb6fe StaticDependenciesID=719339233b5be39c8842fe7a119b8f49 
Importing 'GUID: b02d104d8dd8aea40895e03140cf191f - Path: Assets/3D Simple Building/Demo Scene B/LightingData.asset' with importer (NativeFormatImporter)
Imported 'GUID: b02d104d8dd8aea40895e03140cf191f' -> (Import Result ID: '3b35e601849c2468899bbb98cfffd5e7') in 0.001 seconds [static dependencies only]. Details - ImportResultOutputID=e95bf6157cd3c3a42bc1cfe37689833c DependenciesID=c2d6b2afccacacdb6ea679d6241789a0 StaticDependenciesID=0e9016211358eb67defe5441c9a817a1 
Importing 'GUID: eaa8b7f9a556e8345a79fcf87a10f791 - Path: Assets/3D Simple Building/Readme.txt' with importer (TextScriptImporter)
Imported 'GUID: eaa8b7f9a556e8345a79fcf87a10f791' -> (Import Result ID: 'dcfac0a9c10b78594eb8c0c29161372e') in 0.000 seconds [static dependencies only]. Details - ImportResultOutputID=a68d849e05ab0565a813f711f78bca97 DependenciesID=49311881de6947dfc381dd3c138dfe36 StaticDependenciesID=c555e51a6aaa778c841815a08e249c69 
[Licensing::Client] Successfully resolved entitlement details
Asset Pipeline Refresh (id=67db600605d064974bd6835d76fdd601): Total: 0.214 seconds - Initiated by RefreshV2(ForceSynchronousImport)
Asset Pipeline Refresh (id=3abada0e7b2484805b151a4bf8753cba): Total: 0.015 seconds - Initiated by RefreshV2(ForceSynchronousImport)
Asset Pipeline Refresh (id=e32b17db1865a48c9a1d024ee22d1c4d): Total: 0.027 seconds - Initiated by RefreshV2(AllowForceSynchronousImport)
Asset Pipeline Refresh (id=32139a97b87b0423fb01508e26dd57d5): Total: 0.025 seconds - Initiated by RefreshV2(AllowForceSynchronousImport)
Thread 0x17c8c7000 may have been prematurely finalized
Reloading assemblies for play mode.
Reloading assemblies after forced synchronous recompile.
Begin MonoManager ReloadAssembly
Native extension for OSXStandalone target not found
Native extension for WebGL target not found
ScheduleIndexationOnStartup MainProcess:True IndexOnStartup:True
[MODES] ModeService[none].Initialize
[MODES] ModeService[none].LoadModes
Scripting: successfully reloaded assembly
- Finished resetting the current domain, in  0.531 seconds
Domain Reload Profiling: 866ms
	BeginReloadAssembly (251ms)
		DisableScriptedObjects (24ms)
		CreateAndSetChildDomain (148ms)
	RebuildCommonClasses (4ms)
	RebuildNativeTypeToScriptingClass (7ms)
	initialDomainReloadingComplete (15ms)
	LoadAllAssembliesAndSetupDomain (58ms)
		LoadAssemblies (56ms)
		TypeCache.Refresh (3ms)
		AnalyzeDomain (1ms)
	FinalizeReload (532ms)
		SetupLoadedEditorAssemblies (0ms)
			BeforeProcessingInitializeOnLoad (38ms)
			ProcessInitializeOnLoadAttributes (82ms)
			ProcessInitializeOnLoadMethodAttributes (19ms)
		AwakeInstancesAfterBackupRestoration (226ms)

Asset Pipeline Refresh (id=9784dc12a06474019880a7c93577e739): Total: 0.934 seconds - Initiated by StopAssetImportingV2(ForceSynchronousImport | ForceDomainReload)
	(Values over 0.05ms)
	Summary:
		Imports: total=0 (actual=0, local cache=0, cache server=0)
		Asset DB Process Time: managed=0 ms, native=551 ms
		Asset DB Callback time: managed=11 ms, native=0 ms
		Scripting: domain reloads=1, domain reload time=370 ms, compile time=1 ms, other=0 ms
		Project Asset Count: scripts=493, non-scripts=760
		Asset File Changes: new=0, changed=0, moved=0, deleted=0
		Scan Filter Count: 0
	InvokePackagesCallback: 0.361ms
	ApplyChangesToAssetFolders: 0.056ms
	Collect global state as custom dependencies: 0.142ms
	CategorizeAssets: 3.988ms
	CompileScripts: 0.747ms
	ImportOutOfDateAssets: 533.453ms (533.177ms without children)
		EnsureUptoDateAssetsAreRegisteredWithGuidPM: 0.096ms
		ImportSchedulerStart: 0.134ms
	PostProcessAllAssets: 11.743ms
		MonoPostProcessAllAssets: 11.742ms
			SyncVS.PostprocessSyncProject 6.317ms
			AssetPostprocessor.OnPostprocessAllAssets 2.250ms
			WindowAssetPostprocessingWatcher.OnPostprocessAllAssets 1.945ms
			AssetChangedListener.OnPostprocessAllAssets 1.676ms
			SpeedTree9Postprocessor.OnPostprocessAllAssets 0.278ms
			ConfigAssetsTracker.OnPostprocessAllAssets 0.248ms
			ReferencedClipsPostProcessor.OnPostprocessAllAssets 0.097ms
			EditModeScopePostprocessor.OnPostprocessAllAssets 0.095ms
	GenerateScriptTypeHashes: 0.248ms
	GenerateScriptTypeSerializationHashes: 0.509ms
	Untracked: 382.979ms

Loaded scene 'Temp/__Backupscenes/0.backup'
	Deserialize:            0.238 ms
	Integration:            21.778 ms
	Integration of assets:  0.000 ms
	Thread Wait Time:       0.004 ms
	Total Operation Time:   22.021 ms
[Licensing::Client] Successfully resolved entitlement details
[Licensing::Client] Successfully resolved entitlement details
Thread 0x17cbe3000 may have been prematurely finalized
Unloading 2 Unused Serialized files (Serialized files now loaded: 0)
Loaded scene 'Temp/__Backupscenes/0.backup'
	Deserialize:            0.312 ms
	Integration:            9.460 ms
	Integration of assets:  0.001 ms
	Thread Wait Time:       0.009 ms
	Total Operation Time:   9.782 ms
Unloading 13 unused Assets / (0.5 MB). Loaded Objects now: 4162.
Memory consumption went from 235.6 MB to 235.0 MB.
Total: 8.730666 ms (FindLiveObjects: 0.163500 ms CreateObjectMapping: 0.019917 ms MarkObjects: 8.456084 ms  DeleteObjects: 0.031958 ms)

[Licensing::Client] Successfully resolved entitlement details
Thread 0x17cbef000 may have been prematurely finalized
Reloading assemblies for play mode.
Reloading assemblies after forced synchronous recompile.
Begin MonoManager ReloadAssembly
Native extension for OSXStandalone target not found
Native extension for WebGL target not found
ScheduleIndexationOnStartup MainProcess:True IndexOnStartup:True
[MODES] ModeService[none].Initialize
[MODES] ModeService[none].LoadModes
Scripting: successfully reloaded assembly
- Finished resetting the current domain, in  0.523 seconds
Domain Reload Profiling: 816ms
	BeginReloadAssembly (216ms)
		DisableScriptedObjects (23ms)
		CreateAndSetChildDomain (140ms)
	RebuildCommonClasses (4ms)
	RebuildNativeTypeToScriptingClass (7ms)
	initialDomainReloadingComplete (14ms)
	LoadAllAssembliesAndSetupDomain (53ms)
		LoadAssemblies (30ms)
		TypeCache.Refresh (3ms)
		AnalyzeDomain (1ms)
	FinalizeReload (523ms)
		SetupLoadedEditorAssemblies (0ms)
			BeforeProcessingInitializeOnLoad (41ms)
			ProcessInitializeOnLoadAttributes (78ms)
			ProcessInitializeOnLoadMethodAttributes (19ms)
		AwakeInstancesAfterBackupRestoration (220ms)

Asset Pipeline Refresh (id=cd6e36878dd8b4de4b9f64a96a495425): Total: 0.855 seconds - Initiated by StopAssetImportingV2(ForceSynchronousImport | ForceDomainReload)
	(Values over 0.05ms)
	Summary:
		Imports: total=0 (actual=0, local cache=0, cache server=0)
		Asset DB Process Time: managed=0 ms, native=544 ms
		Asset DB Callback time: managed=8 ms, native=0 ms
		Scripting: domain reloads=1, domain reload time=301 ms, compile time=1 ms, other=0 ms
		Project Asset Count: scripts=493, non-scripts=760
		Asset File Changes: new=0, changed=0, moved=0, deleted=0
		Scan Filter Count: 0
	InvokePackagesCallback: 0.371ms
	ApplyChangesToAssetFolders: 0.055ms
	Collect global state as custom dependencies: 0.492ms
	CategorizeAssets: 3.967ms
	CompileScripts: 0.816ms
	ImportOutOfDateAssets: 524.136ms (523.869ms without children)
		EnsureUptoDateAssetsAreRegisteredWithGuidPM: 0.090ms
		ImportSchedulerStart: 0.123ms
	PostProcessAllAssets: 8.301ms
		MonoPostProcessAllAssets: 8.300ms
			SyncVS.PostprocessSyncProject 3.070ms
			AssetPostprocessor.OnPostprocessAllAssets 2.250ms
			WindowAssetPostprocessingWatcher.OnPostprocessAllAssets 1.784ms
			AssetChangedListener.OnPostprocessAllAssets 1.676ms
			SpeedTree9Postprocessor.OnPostprocessAllAssets 0.266ms
			ConfigAssetsTracker.OnPostprocessAllAssets 0.248ms
			EditModeScopePostprocessor.OnPostprocessAllAssets 0.097ms
			ReferencedClipsPostProcessor.OnPostprocessAllAssets 0.091ms
	GenerateScriptTypeHashes: 0.248ms
	GenerateScriptTypeSerializationHashes: 0.524ms
	Untracked: 313.734ms

Loaded scene 'Temp/__Backupscenes/0.backup'
	Deserialize:            0.217 ms
	Integration:            24.190 ms
	Integration of assets:  0.001 ms
	Thread Wait Time:       0.005 ms
	Total Operation Time:   24.413 ms
[Licensing::Client] Successfully resolved entitlement details
[Licensing::Client] Successfully resolved entitlement details
Asset Pipeline Refresh (id=1bf4e12530a8d4402b0bee6da1a055e4): Total: 0.031 seconds - Initiated by RefreshV2(NoUpdateAssetOptions)
[Licensing::Client] Successfully resolved entitlement details
[Licensing::Client] Successfully updated the access token
[Licensing::Module] Successfully updated access token: "ZJKLjzAb"... (expires: 2026-09-23T18:33:01Z)
[Licensing::Client] Successfully resolved entitlement details
[Licensing::Client] Successfully resolved entitlement details
Asset Pipeline Refresh (id=f8a79bcca61234f79b870836cb7eb5af): Total: 0.031 seconds - Initiated by RefreshV2(NoUpdateAssetOptions)
[Licensing::Client] Successfully resolved entitlement details
Asset Pipeline Refresh (id=cf08a292a04c24093b653e3a391486c6): Total: 0.034 seconds - Initiated by RefreshV2(NoUpdateAssetOptions)
Asset Pipeline Refresh (id=824622c3143984635a45a917b2c7ab44): Total: 0.022 seconds - Initiated by RefreshV2(NoUpdateAssetOptions)
MonoPathRemapper: Attempts to remap: 21185; Successful remaps: 6428
Thread 0x41952f000 may have been prematurely finalized
Serialized file version minimum: 22, current 23
[LAYOUT] About to save layout /Users/base/monopoly-c-/UserSettings/Layouts/default-6000.dwlt
[LAYOUT] About to save layout /Users/base/Library/Preferences/Unity/Editor-5.x/Layouts/current/default-6000.dwlt
Thread 0x40095b000 may have been prematurely finalized
Input System module state changed to: ShutdownInProgress.
Input Polling Thread exited.
Input System module state changed to: Shutdown.
Завершается работа Сервер MSBuild...
Завершается работа Сервер компилятора VB или C#...
Работа Сервер компилятора VB или C# завершена.
Thread 0x17896b000 may have been prematurely finalized
Thread 0x178a83000 may have been prematurely finalized
Thread 0x178853000 may have been prematurely finalized
Thread 0x1789f7000 may have been prematurely finalized
Thread 0x178cb3000 may have been prematurely finalized
Thread 0x1788df000 may have been prematurely finalized
Thread 0x178c27000 may have been prematurely finalized
Thread 0x178b9b000 may have been prematurely finalized
Thread 0x178b0f000 may have been prematurely finalized
[Physics::Module] Cleanup current backend.
[Physics::Module] Id: 0xf2b8ea05
[Licensing::IpcConnector] LicenseClient-base-notifications channel disconnected successfully.
[Licensing::IpcConnector] LicenseClient-base channel disconnected successfully.
Работа Сервер MSBuild завершена.
Lingering sessions upon destruction of worker manager
Unity Data Store service was successfully shut down
UDS shutting down local client system
Shut down UDS service system complete
AcceleratorClientConnectionCallback - disconnected - :0
Cleanup mono
CodeReloadManager destroyed
debugger-agent: Unable to listen on 107
Checking for leaked weakptr:
  Found no leaked weakptrs.
[Package Manager] Server process was shutdown
##utp:{"type":"MemoryLeaks","version":2,"phase":"Immediate","time":1790183533202,"processId":2796,"allocatedMemory":8457930,"memoryLabels":[{"Default":196856},{"Permanent":15672},{"Thread":1056736},{"Manager":25590},{"VertexData":8},{"Geometry":408},{"Texture":24},{"Shader":844246},{"Material":68},{"GfxDevice":49080},{"GfxThread":5440},{"Animation":968},{"Audio":2176},{"FreeType":8},{"FontEngine":736},{"Physics":2002},{"Physics2D":16},{"Serialization":16464},{"Input":43216},{"JobScheduler":448},{"TextLib":20172},{"Mono":56},{"ScriptingNativeRuntime":155024},{"BaseObject":49672},{"Resource":1028},{"Renderer":2448},{"Transform":4693},{"File":25383},{"WebCam":32},{"Culling":32},{"Terrain":11346},{"Wind":24},{"String":682611},{"StaticString":3808},{"Utility":2692032},{"PoolAlloc":1960},{"AI":80},{"TypeTree":17293},{"ScriptManager":31600},{"CodeReload":448},{"RuntimeInitializeOnLoadManager":64},{"Sprites":102},{"SpriteAtlas":120},{"GI":7240},{"Director":8288},{"CloudService":8160},{"WebRequest":5839},{"VR":49426},{"SceneManager":616},{"Video":2112},{"LazyScriptCache":32},{"Camera":218889},{"Secure":9865},{"SerializationCache":9704},{"APIUpdating":10320},{"Subsystems":336},{"VirtualTexturing":57504},{"StaticSafetyDebugInfo":278528},{"Baselib":16},{"Analytics":568},{"Hierarchy":1492},{"UIElements":40},{"CoreStats":14536},{"Identifiers":7152},{"Gui":280594},{"EditorUtility":118542},{"VersionControl":8},{"Undo":939},{"AssetDatabase":1340575},{"AssetImporter":40},{"EditorGi":328},{"UnityConnect":41650},{"Upm":1788},{"UpmDiagnostics":8},{"AssetCompliance":96},{"DrivenProperties":72},{"HubClient":848},{"LocalIPC":203},{"ProfilerEditor":9738},{"CoreBusinessMetrics":3205},{"Windowing":416},{"Licensing":992},{"AssetReference":32},{"IPCStream":7003}]}
